Pollster,Date,Polled,Model,R,D,Gap,538 Grade,Mean-Reverted Bias,Grade,Adjusted R,Adjusted D,Adjusted Gap
NBC News/Wall Street Journal, 11/2/2008,1011,LV,36,48,-12,A-,0.80923077,3.7,36.40461539,47.59538462,-11.19076923
Gallup, 11/2/2008,2472,LV,41,53,-12,B,-0.90473684,3,40.54763158,53.45236842,-12.90473684
Diageo/Hotline, 11/2/2008,887,LV,39,44,-5,C,0,2,39,44,-5
CBS News/New York Times, 10/29/2008,1005,LV,36,48,-12,A-,0.43547945,3.7,36.21773973,47.78226028,-11.56452055
George Washington University (Battleground), 10/29/2008,1000,LV,41,45,-4,B,-0.97508197,3,40.51245902,45.48754099,-4.97508197
Rasmussen Reports/Pulse Opinion Research, 10/26/2008,7000,LV,40,47,-7,C+,-1.4892512,2.3,39.2553744,47.7446256,-8.4892512
CBS News/New York Times, 10/22/2008,1146,RV,36,48,-12,A-,0.43547945,3.7,36.21773973,47.78226028,-11.56452055
George Washington University (Battleground), 10/22/2008,1000,LV,40,48,-8,B,-0.97508197,3,39.51245902,48.48754099,-8.97508197
NBC News/Wall Street Journal, 10/20/2008,1159,RV,38,49,-11,A-,0.80923077,3.7,38.40461539,48.59538462,-10.19076923
George Washington University (Battleground), 10/15/2008,1000,LV,40,49,-9,B,-0.97508197,3,39.51245902,49.48754099,-9.97508197
Los Angeles Times, 10/13/2008,1030,LV,39,45,-6,A-,-0.42716981,3.7,38.7864151,45.21358491,-6.42716981
CBS News/New York Times, 10/13/2008,699,LV,34,48,-14,A-,0.43547945,3.7,34.21773973,47.78226028,-13.56452055
Fox News/Anderson Robbins Research/Shaw & Co. Research, 10/9/2008,900,RV,36,44,-8,A,0.61413043,4,36.30706522,43.69293479,-7.38586957
George Washington University (Battleground), 10/9/2008,800,LV,38,49,-11,B,-0.97508197,3,37.51245902,49.48754099,-11.97508197
NBC News/Wall Street Journal, 10/5/2008,658,RV,36,49,-13,A-,0.80923077,3.7,36.40461539,48.59538462,-12.19076923
GfK Group, 9/30/2008,808,LV,36,49,-13,B,0.25490196,3,36.12745098,48.87254902,-12.74509804
Time, 9/29/2008,1133,LV,36,46,-10,C,0,2,36,46,-10
George Washington University (Battleground), 9/25/2008,1000,LV,41,46,-5,B,-0.97508197,3,40.51245902,46.48754099,-5.97508197
NBC News/Wall Street Journal, 9/22/2008,1085,RV,37,50,-13,A-,0.80923077,3.7,37.40461539,49.59538462,-12.19076923
Los Angeles Times, 9/22/2008,838,LV,41,51,-10,A-,-0.42716981,3.7,40.7864151,51.21358491,-10.42716981
CNN/Opinion Research Corp., 9/21/2008,697,LV,42,56,-14,B+,0.0607,3.3,42.03035,55.96965,-13.9393
Rasmussen Reports/Pulse Opinion Research, 9/21/2008,7000,LV,38,45,-7,C+,-1.4892512,2.3,37.2553744,45.7446256,-8.4892512
CBS News/New York Times, 9/16/2008,1004,RV,31,51,-20,A-,0.43547945,3.7,31.21773973,50.78226028,-19.56452055
Rasmussen Reports/Pulse Opinion Research, 9/14/2008,7000,LV,38,44,-6,C+,-1.4892512,2.3,37.2553744,44.7446256,-7.4892512
Newsweek, 9/11/2008,1038,RV,41,49,-8,C,0,2,41,49,-8
George Washington University (Battleground), 9/11/2008,1000,LV,40,48,-8,B,-0.97508197,3,39.51245902,48.48754099,-8.97508197
GfK Group, 9/10/2008,812,LV,41,46,-5,B,0.25490196,3,41.12745098,45.87254902,-4.74509804
CNN/Opinion Research Corp., 9/7/2008,942,RV,46,49,-3,B+,0.0607,3.3,46.03035,48.96965,-2.9393
Gallup, 9/7/2008,823,LV,50,45,5,B,-0.90473684,3,49.54763158,45.45236842,4.09526316
Rasmussen Reports/Pulse Opinion Research, 9/7/2008,7000,LV,37,45,-8,C+,-1.4892512,2.3,36.2553744,45.7446256,-9.4892512
Rasmussen Reports/Pulse Opinion Research, 8/31/2008,7000,LV,36,46,-10,C+,-1.4892512,2.3,35.2553744,46.7446256,-11.4892512
Gallup, 8/23/2008,765,LV,42,51,-9,B,-0.90473684,3,41.54763158,51.45236842,-9.90473684
Fox News/Anderson Robbins Research/Shaw & Co. Research, 8/20/2008,900,RV,38,45,-7,A,0.61413043,4,38.30706522,44.69293479,-6.38586957
NBC News/Wall Street Journal, 8/18/2008,1005,RV,36,47,-11,A-,0.80923077,3.7,36.40461539,46.59538462,-10.19076923
George Washington University (Battleground), 8/14/2008,1000,LV,40,47,-7,B,-0.97508197,3,39.51245902,47.48754099,-7.97508197
Rasmussen Reports/Pulse Opinion Research, 8/10/2008,7000,LV,37,45,-8,C+,-1.4892512,2.3,36.2553744,45.7446256,-9.4892512
Ipsos, 8/4/2008,833,RV,35,53,-18,B+,0.5955,3.3,35.29775,52.70225,-17.4045
Rasmussen Reports/Pulse Opinion Research, 8/3/2008,7000,LV,36,46,-10,C+,-1.4892512,2.3,35.2553744,46.7446256,-11.4892512
NBC News/Wall Street Journal, 7/21/2008,1003,RV,36,49,-13,A-,0.80923077,3.7,36.40461539,48.59538462,-12.19076923
Rasmussen Reports/Pulse Opinion Research, 7/20/2008,7000,LV,34,47,-13,C+,-1.4892512,2.3,33.2553744,47.7446256,-14.4892512
Rasmussen Reports/Pulse Opinion Research, 7/13/2008,7000,LV,36,46,-10,C+,-1.4892512,2.3,35.2553744,46.7446256,-11.4892512
Pew Research Center, 6/29/2008,1574,RV,37,52,-15,B-,0.62980392,2.7,37.31490196,51.68509804,-14.37019608
Rasmussen Reports/Pulse Opinion Research, 6/22/2008,7000,LV,34,47,-13,C+,-1.4892512,2.3,33.2553744,47.7446256,-14.4892512
Gallup, 6/19/2008,1310,LV,42,52,-10,B,-0.90473684,3,41.54763158,52.45236842,-10.90473684
ABC News/Washington Post, 6/15/2008,1125,A,38,53,-15,A+,0.61341176,4,38.30670588,52.69329412,-14.38658824
Rasmussen Reports/Pulse Opinion Research, 6/15/2008,7000,LV,34,48,-14,C+,-1.4892512,2.3,33.2553744,48.7446256,-15.4892512
Rasmussen Reports/Pulse Opinion Research, 6/8/2008,7423,LV,34,47,-13,C+,-1.4892512,2.3,33.2553744,47.7446256,-14.4892512
Rasmussen Reports/Pulse Opinion Research, 5/22/2008,800,LV,39,47,-8,C+,-1.4892512,2.3,38.2553744,47.7446256,-9.4892512
George Washington University (Battleground), 5/14/2008,1018,LV,40,49,-9,B,-0.97508197,3,39.51245902,49.48754099,-9.97508197
Rasmussen Reports/Pulse Opinion Research, 4/29/2008,800,LV,41,46,-5,C+,-1.4892512,2.3,40.2553744,46.7446256,-6.4892512
CBS News/New York Times, 4/29/2008,956,RV,32,50,-18,A-,0.43547945,3.7,32.21773973,49.78226028,-17.56452055
NBC News/Wall Street Journal, 4/28/2008,1006,RV,34,49,-15,A-,0.80923077,3.7,34.40461539,48.59538462,-14.19076923
Gallup, 10/31/2010,1539,LV,55,40,15,B,-0.90473684,3,54.54763158,40.45236842,14.09526316
Ipsos, 10/31/2010,654,LV,50,44,6,B+,0.5955,3.3,50.29775,43.70225,6.5955
Pew Research Center, 10/30/2010,1809,LV,48,42,6,B-,0.62980392,2.7,48.31490196,41.68509804,6.62980392
Rasmussen Reports/Pulse Opinion Research, 10/31/2010,3500,LV,51,39,12,C+,-1.4892512,2.3,50.2553744,39.7446256,10.5107488
CNN/Opinion Research Corp., 10/30/2010,542,LV,52,42,10,B+,0.0607,3.3,52.03035,41.96965,10.0607
Fox News/Anderson Robbins Research/Shaw & Co. Research, 10/28/2010,764,LV,50,37,13,A,0.61413043,4,50.30706522,36.69293479,13.61413043
ABC News/Washington Post, 10/28/2010,786,LV,49,45,4,A+,0.61341176,4,49.30670588,44.69329412,4.61341176
Bloomberg, 10/26/2010,1000,LV,47,44,3,C,0,2,47,44,3
Marist College, 10/25/2010,350,LV,49,43,6,A,-0.45775194,4,48.77112403,43.22887597,5.54224806
Rasmussen Reports/Pulse Opinion Research, 10/24/2010,3500,LV,51,39,12,C+,-1.4892512,2.3,50.2553744,39.7446256,10.5107488
Gallup, 10/24/2010,1989,LV,55,41,14,B,-0.90473684,3,54.54763158,41.45236842,13.09526316
Gallup, 10/24/2010,1989,LV,52,43,9,B,-0.90473684,3,51.54763158,43.45236842,8.09526316
Newsweek, 10/21/2010,773,LV,45,48,-3,C,0,2,45,48,-3
George Washington University (Battleground), 10/20/2010,1000,LV,47,42,5,B,-0.97508197,3,46.51245902,42.48754099,4.02491803
Pew Research Center, 10/18/2010,1354,LV,50,40,10,B-,0.62980392,2.7,50.31490196,39.68509804,10.62980392
GfK Group, 10/18/2010,846,LV,50,43,7,B,0.25490196,3,50.12745098,42.87254902,7.25490196
Rasmussen Reports/Pulse Opinion Research, 10/17/2010,3500,LV,48,39,9,C+,-1.4892512,2.3,47.2553744,39.7446256,7.5107488
Fox News/Anderson Robbins Research/Shaw & Co. Research, 10/13/2010,687,LV,48,39,9,A,0.61413043,4,48.30706522,38.69293479,9.61413043
Gallup, 10/17/2010,1900,LV,56,39,17,B,-0.90473684,3,55.54763158,39.45236842,16.09526316
Gallup, 10/17/2010,1900,LV,53,42,11,B,-0.90473684,3,52.54763158,42.45236842,10.09526316
Ipsos, 10/11/2010,720,LV,48,44,4,B+,0.5955,3.3,48.29775,43.70225,4.5955
Bloomberg, 10/10/2010,721,LV,40,42,-2,C,0,2,40,42,-2
Rasmussen Reports/Pulse Opinion Research, 10/10/2010,3500,LV,47,39,8,C+,-1.4892512,2.3,46.2553744,39.7446256,6.5107488
Gallup, 10/10/2010,1953,LV,56,39,17,B,-0.90473684,3,55.54763158,39.45236842,16.09526316
Gallup, 10/10/2010,1953,LV,53,41,12,B,-0.90473684,3,52.54763158,41.45236842,11.09526316
CNN/Opinion Research Corp., 10/7/2010,504,LV,52,45,7,B+,0.0607,3.3,52.03035,44.96965,7.0607
ABC News/Washington Post, 10/3/2010,669,LV,49,43,6,A+,0.61341176,4,49.30670588,42.69329412,6.61341176
Rasmussen Reports/Pulse Opinion Research, 10/3/2010,3500,LV,45,42,3,C+,-1.4892512,2.3,44.2553744,42.7446256,1.5107488
Gallup, 10/3/2010,1882,LV,53,40,13,B,-0.90473684,3,52.54763158,40.45236842,12.09526316
Gallup, 10/3/2010,1882,LV,56,38,18,B,-0.90473684,3,55.54763158,38.45236842,17.09526316
Newsweek, 9/30/2010,902,RV,43,48,-5,C,0,2,43,48,-5
Fox News/Anderson Robbins Research/Shaw & Co. Research, 9/29/2010,900,RV,44,38,6,A,0.61413043,4,44.30706522,37.69293479,6.61413043
Gallup, 9/26/2010,3000,RV,46,46,0,B,-0.90473684,3,45.54763158,46.45236842,-0.90473684
Rasmussen Reports/Pulse Opinion Research, 9/26/2010,3500,LV,46,40,6,C+,-1.4892512,2.3,45.2553744,40.7446256,4.5107488
CNN/Opinion Research Corp., 9/23/2010,506,LV,53,44,9,B+,0.0607,3.3,53.03035,43.96965,9.0607
George Washington University (Battleground), 9/22/2010,1000,LV,47,42,5,B,-0.97508197,3,46.51245902,42.48754099,4.02491803
Ipsos, 9/19/2010,993,RV,45,46,-1,B+,0.5955,3.3,45.29775,45.70225,-0.4045
Rasmussen Reports/Pulse Opinion Research, 9/19/2010,3500,LV,48,38,10,C+,-1.4892512,2.3,47.2553744,38.7446256,8.5107488
Gallup, 9/19/2010,2925,RV,45,46,-1,B,-0.90473684,3,44.54763158,46.45236842,-1.90473684
Fox News/Anderson Robbins Research/Shaw & Co. Research, 9/16/2010,900,RV,46,40,6,A,0.61413043,4,46.30706522,39.69293479,6.61413043
Marist College, 9/16/2010,815,RV,47,45,2,A,-0.45775194,4,46.77112403,45.22887597,1.54224806
George Washington University (Battleground), 9/9/2010,1000,LV,43,43,0,B,-0.97508197,3,42.51245902,43.48754099,-0.97508197
Gallup, 9/12/2010,1527,RV,48,43,5,B,-0.90473684,3,47.54763158,43.45236842,4.09526316
Rasmussen Reports/Pulse Opinion Research, 9/12/2010,3500,LV,47,38,9,C+,-1.4892512,2.3,46.2553744,38.7446256,7.5107488
Quinnipiac University, 9/7/2010,1905,RV,42,37,5,A-,0.06815029,3.7,42.03407515,36.96592486,5.06815029
Pew Research Center, 9/6/2010,2053,LV,50,43,7,B-,0.62980392,2.7,50.31490196,42.68509804,7.62980392
CNN/Opinion Research Corp., 9/2/2010,936,RV,52,45,7,B+,0.0607,3.3,52.03035,44.96965,7.0607
Fox News/Anderson Robbins Research/Shaw & Co. Research, 9/2/2010,900,RV,46,37,9,A,0.61413043,4,46.30706522,36.69293479,9.61413043
Gallup, 9/5/2010,1651,RV,46,46,0,B,-0.90473684,3,45.54763158,46.45236842,-0.90473684
Rasmussen Reports/Pulse Opinion Research, 9/5/2010,3500,LV,48,36,12,C+,-1.4892512,2.3,47.2553744,36.7446256,10.5107488
Gallup, 8/30/2010,928,RV,49,43,6,B,-0.90473684,3,48.54763158,43.45236842,5.09526316
National Journal, 8/30/2010,1116,RV,36,38,-2,A,-0.17857143,4,35.91071429,38.08928572,-2.17857143
Rasmussen Reports/Pulse Opinion Research, 8/29/2010,3500,LV,45,39,6,C+,-1.4892512,2.3,44.2553744,39.7446256,4.5107488
Gallup, 8/29/2010,1540,RV,51,41,10,B,-0.90473684,3,50.54763158,41.45236842,9.09526316
Newsweek, 8/26/2010,856,RV,45,45,0,C,0,2,45,45,0
Ipsos, 8/22/2010,950,RV,46,45,1,B+,0.5955,3.3,46.29775,44.70225,1.5955
Gallup, 8/22/2010,1600,RV,47,44,3,B,-0.90473684,3,46.54763158,44.45236842,2.09526316
Rasmussen Reports/Pulse Opinion Research, 8/22/2010,3500,LV,47,38,9,C+,-1.4892512,2.3,46.2553744,38.7446256,7.5107488
Time, 8/17/2010,827,LV,43,37,6,C,0,2,43,37,6
GfK Group, 8/16/2010,890,RV,49,45,4,B,0.25490196,3,49.12745098,44.87254902,4.25490196
Gallup, 8/15/2010,1600,RV,50,43,7,B,-0.90473684,3,49.54763158,43.45236842,6.09526316
Rasmussen Reports/Pulse Opinion Research, 8/15/2010,3500,LV,48,36,12,C+,-1.4892512,2.3,47.2553744,36.7446256,10.5107488
Fox News/Anderson Robbins Research/Shaw & Co. Research, 8/11/2010,900,RV,44,37,7,A,0.61413043,4,44.30706522,36.69293479,7.61413043
CNN/Opinion Research Corp., 8/10/2010,935,RV,48,45,3,B+,0.0607,3.3,48.03035,44.96965,3.0607
Rasmussen Reports/Pulse Opinion Research, 8/8/2010,3500,LV,46,39,7,C+,-1.4892512,2.3,45.2553744,39.7446256,5.5107488
Gallup, 8/8/2010,1600,RV,49,43,6,B,-0.90473684,3,48.54763158,43.45236842,5.09526316
Pew Research Center, 8/5/2010,2431,RV,44,45,-1,B-,0.62980392,2.7,44.31490196,44.68509804,-0.37019608
Gallup, 8/1/2010,1562,RV,48,43,5,B,-0.90473684,3,47.54763158,43.45236842,4.09526316
Rasmussen Reports/Pulse Opinion Research, 8/1/2010,3500,LV,46,38,8,C+,-1.4892512,2.3,45.2553744,38.7446256,6.5107488
Fox News/Anderson Robbins Research/Shaw & Co. Research, 7/28/2010,900,RV,47,36,11,A,0.61413043,4,47.30706522,35.69293479,11.61413043
Ipsos, 7/25/2010,848,RV,46,44,2,B+,0.5955,3.3,46.29775,43.70225,2.5955
Gallup, 7/25/2010,1633,RV,44,48,-4,B,-0.90473684,3,43.54763158,48.45236842,-4.90473684
Rasmussen Reports/Pulse Opinion Research, 7/25/2010,3500,LV,46,36,10,C+,-1.4892512,2.3,45.2553744,36.7446256,8.5107488
CNN/Opinion Research Corp., 7/21/2010,945,RV,49,44,5,B+,0.0607,3.3,49.03035,43.96965,5.0607
Quinnipiac University, 7/19/2010,2181,RV,43,38,5,A-,0.06815029,3.7,43.03407515,37.96592486,5.06815029
Gallup, 7/18/2010,1535,RV,43,49,-6,B,-0.90473684,3,42.54763158,49.45236842,-6.90473684
Rasmussen Reports/Pulse Opinion Research, 7/18/2010,3500,LV,45,36,9,C+,-1.4892512,2.3,44.2553744,36.7446256,7.5107488
Fox News/Anderson Robbins Research/Shaw & Co. Research, 7/14/2010,900,RV,41,37,4,A,0.61413043,4,41.30706522,36.69293479,4.61413043
Time, 7/13/2010,1003,A,42,43,-1,C,0,2,42,43,-1
Bloomberg, 7/12/2010,875,LV,48,40,8,C,0,2,48,40,8
ABC News/Washington Post, 7/11/2010,#VALUE!,#VALUE!,49,45,4,A+,0.61341176,4,49.30670588,44.69329412,4.61341176
Gallup, 7/11/2010,1600,RV,46,47,-1,B,-0.90473684,3,45.54763158,47.45236842,-1.90473684
Rasmussen Reports/Pulse Opinion Research, 7/11/2010,3500,LV,44,38,6,C+,-1.4892512,2.3,43.2553744,38.7446256,4.5107488
Gallup, 7/3/2010,1600,RV,46,44,2,B,-0.90473684,3,45.54763158,44.45236842,1.09526316
Fox News/Anderson Robbins Research/Shaw & Co. Research, 6/30/2010,900,RV,42,40,2,A,0.61413043,4,42.30706522,39.69293479,2.61413043
Rasmussen Reports/Pulse Opinion Research, 6/27/2010,3500,LV,44,38,6,C+,-1.4892512,2.3,43.2553744,38.7446256,4.5107488
Gallup, 6/27/2010,1600,RV,45,46,-1,B,-0.90473684,3,44.54763158,46.45236842,-1.90473684
Pew Research Center, 6/20/2010,1496,RV,45,45,0,B-,0.62980392,2.7,45.31490196,44.68509804,0.62980392
Gallup, 6/20/2010,1600,RV,46,46,0,B,-0.90473684,3,45.54763158,46.45236842,-0.90473684
Rasmussen Reports/Pulse Opinion Research, 6/20/2010,3500,LV,44,36,8,C+,-1.4892512,2.3,43.2553744,36.7446256,6.5107488
Gallup, 6/13/2010,1014,A,43,48,-5,B,-0.90473684,3,42.54763158,48.45236842,-5.90473684
Ipsos, 6/13/2010,846,RV,43,42,1,B+,0.5955,3.3,43.29775,41.70225,1.5955
Gallup, 6/13/2010,1600,RV,49,44,5,B,-0.90473684,3,48.54763158,44.45236842,4.09526316
Rasmussen Reports/Pulse Opinion Research, 6/13/2010,3500,LV,46,36,10,C+,-1.4892512,2.3,45.2553744,36.7446256,8.5107488
Fox News/Anderson Robbins Research/Shaw & Co. Research, 6/9/2010,900,RV,38,41,-3,A,0.61413043,4,38.30706522,40.69293479,-2.38586957
Gallup, 6/6/2010,1600,RV,46,46,0,B,-0.90473684,3,45.54763158,46.45236842,-0.90473684
Rasmussen Reports/Pulse Opinion Research, 6/6/2010,3500,LV,44,35,9,C+,-1.4892512,2.3,43.2553744,35.7446256,7.5107488
Gallup, 5/30/2010,1600,RV,49,43,6,B,-0.90473684,3,48.54763158,43.45236842,5.09526316
Rasmussen Reports/Pulse Opinion Research, 5/30/2010,3500,LV,44,37,7,C+,-1.4892512,2.3,43.2553744,37.7446256,5.5107488
Quinnipiac University, 5/24/2010,1914,RV,36,42,-6,A-,0.06815029,3.7,36.03407515,41.96592486,-5.93184971
Rasmussen Reports/Pulse Opinion Research, 5/23/2010,3500,LV,44,36,8,C+,-1.4892512,2.3,43.2553744,36.7446256,6.5107488
Gallup, 5/23/2010,1600,RV,46,47,-1,B,-0.90473684,3,45.54763158,47.45236842,-1.90473684
Fox News/Anderson Robbins Research/Shaw & Co. Research, 5/19/2010,900,RV,41,41,0,A,0.61413043,4,41.30706522,40.69293479,0.61413043
Gallup, 5/16/2010,1600,RV,46,45,1,B,-0.90473684,3,45.54763158,45.45236842,0.09526316
Rasmussen Reports/Pulse Opinion Research, 5/16/2010,3500,LV,43,38,5,C+,-1.4892512,2.3,42.2553744,38.7446256,3.5107488
Ipsos, 5/9/2010,905,RV,42,45,-3,B+,0.5955,3.3,42.29775,44.70225,-2.4045
Gallup, 5/8/2010,1600,RV,46,46,0,B,-0.90473684,3,45.54763158,46.45236842,-0.90473684
Rasmussen Reports/Pulse Opinion Research, 5/8/2010,3500,LV,44,38,6,C+,-1.4892512,2.3,43.2553744,38.7446256,4.5107488
Fox News/Anderson Robbins Research/Shaw & Co. Research, 5/5/2010,900,RV,42,40,2,A,0.61413043,4,42.30706522,39.69293479,2.61413043
Gallup, 5/2/2010,1600,RV,45,45,0,B,-0.90473684,3,44.54763158,45.45236842,-0.90473684
Rasmussen Reports/Pulse Opinion Research, 5/2/2010,3500,LV,44,37,7,C+,-1.4892512,2.3,43.2553744,37.7446256,5.5107488
National Journal, 4/26/2010,1200,A,35,39,-4,A,-0.17857143,4,34.91071429,39.08928572,-4.17857143
Gallup, 4/25/2010,1600,RV,45,45,0,B,-0.90473684,3,44.54763158,45.45236842,-0.90473684
Rasmussen Reports/Pulse Opinion Research, 4/25/2010,3500,LV,44,38,6,C+,-1.4892512,2.3,43.2553744,38.7446256,4.5107488
Fox News/Anderson Robbins Research/Shaw & Co. Research, 4/21/2010,900,RV,42,38,4,A,0.61413043,4,42.30706522,37.69293479,4.61413043
Gallup, 4/18/2010,1600,RV,46,43,3,B,-0.90473684,3,45.54763158,43.45236842,2.09526316
Rasmussen Reports/Pulse Opinion Research, 4/18/2010,3500,LV,46,36,10,C+,-1.4892512,2.3,45.2553744,36.7446256,8.5107488
CNN/Opinion Research Corp., 4/11/2010,907,RV,46,50,-4,B+,0.0607,3.3,46.03035,49.96965,-3.9393
Gallup, 4/11/2010,1613,RV,48,44,4,B,-0.90473684,3,47.54763158,44.45236842,3.09526316
Rasmussen Reports/Pulse Opinion Research, 4/11/2010,3500,LV,45,36,9,C+,-1.4892512,2.3,44.2553744,36.7446256,7.5107488
Fox News/Anderson Robbins Research/Shaw & Co. Research, 4/7/2010,900,RV,43,39,4,A,0.61413043,4,43.30706522,38.69293479,4.61413043
George Washington University (Battleground), 4/8/2010,1000,LV,41,40,1,B,-0.97508197,3,40.51245902,40.48754099,0.02491803
Ipsos, 4/5/2010,950,RV,46,45,1,B+,0.5955,3.3,46.29775,44.70225,1.5955
Gallup, 4/4/2010,1344,RV,46,46,0,B,-0.90473684,3,45.54763158,46.45236842,-0.90473684
Rasmussen Reports/Pulse Opinion Research, 4/4/2010,3500,LV,47,38,9,C+,-1.4892512,2.3,46.2553744,38.7446256,7.5107488
Gallup, 3/28/2010,968,RV,46,45,1,B,-0.90473684,3,45.54763158,45.45236842,0.09526316
CNN/Opinion Research Corp., 3/28/2010,935,RV,49,45,4,B+,0.0607,3.3,49.03035,44.96965,4.0607
Rasmussen Reports/Pulse Opinion Research, 3/28/2010,3500,LV,46,39,7,C+,-1.4892512,2.3,45.2553744,39.7446256,5.5107488
CNN/Opinion Research Corp., 3/21/2010,953,RV,48,45,3,B+,0.0607,3.3,48.03035,44.96965,3.0607
Quinnipiac University, 3/21/2010,1907,RV,44,39,5,A-,0.06815029,3.7,44.03407515,38.96592486,5.06815029
Rasmussen Reports/Pulse Opinion Research, 3/21/2010,3500,LV,43,35,8,C+,-1.4892512,2.3,42.2553744,35.7446256,6.5107488
Fox News/Anderson Robbins Research/Shaw & Co. Research, 3/17/2010,900,RV,42,38,4,A,0.61413043,4,42.30706522,37.69293479,4.61413043
Rasmussen Reports/Pulse Opinion Research, 3/14/2010,3500,LV,45,35,10,C+,-1.4892512,2.3,44.2553744,35.7446256,8.5107488
Rasmussen Reports/Pulse Opinion Research, 3/7/2010,3500,LV,44,37,7,C+,-1.4892512,2.3,43.2553744,37.7446256,5.5107488
Ipsos, 2/28/2010,950,RV,43,47,-4,B+,0.5955,3.3,43.29775,46.70225,-3.4045
Rasmussen Reports/Pulse Opinion Research, 2/28/2010,3500,LV,44,36,8,C+,-1.4892512,2.3,43.2553744,36.7446256,6.5107488
Rasmussen Reports/Pulse Opinion Research, 2/21/2010,3500,LV,44,35,9,C+,-1.4892512,2.3,43.2553744,35.7446256,7.5107488
Newsweek, 2/18/2010,908,RV,43,45,-2,C,0,2,43,45,-2
CNN/Opinion Research Corp., 2/15/2010,954,RV,47,45,2,B+,0.0607,3.3,47.03035,44.96965,2.0607
Rasmussen Reports/Pulse Opinion Research, 2/14/2010,3500,LV,45,36,9,C+,-1.4892512,2.3,44.2553744,36.7446256,7.5107488
Pew Research Center, 2/9/2010,1129,RV,42,45,-3,B-,0.62980392,2.7,42.31490196,44.68509804,-2.37019608
Rasmussen Reports/Pulse Opinion Research, 2/7/2010,3500,LV,44,36,8,C+,-1.4892512,2.3,43.2553744,36.7446256,6.5107488
Gallup, 2/3/2010,942,RV,45,45,0,B,-0.90473684,3,44.54763158,45.45236842,-0.90473684
Rasmussen Reports/Pulse Opinion Research, 1/31/2010,3500,LV,45,38,7,C+,-1.4892512,2.3,44.2553744,38.7446256,5.5107488
NPR, 1/23/2010,800,LV,44,39,5,B-,0.08787879,2.7,44.0439394,38.95606061,5.08787879
Rasmussen Reports/Pulse Opinion Research, 1/24/2010,3500,LV,46,37,9,C+,-1.4892512,2.3,45.2553744,37.7446256,7.5107488
Rasmussen Reports/Pulse Opinion Research, 1/17/2010,3500,LV,45,37,8,C+,-1.4892512,2.3,44.2553744,37.7446256,6.5107488
CNN/Opinion Research Corp., 1/10/2010,955,RV,48,45,3,B+,0.0607,3.3,48.03035,44.96965,3.0607
Pew Research Center, 1/10/2010,1214,RV,44,46,-2,B-,0.62980392,2.7,44.31490196,45.68509804,-1.37019608
Rasmussen Reports/Pulse Opinion Research, 1/10/2010,3500,LV,45,36,9,C+,-1.4892512,2.3,44.2553744,36.7446256,7.5107488
Rasmussen Reports/Pulse Opinion Research, 1/3/2010,4000,LV,44,35,9,C+,-1.4892512,2.3,43.2553744,35.7446256,7.5107488
Rasmussen Reports/Pulse Opinion Research, 12/27/2010,2500,LV,43,38,5,C+,-1.4892512,2.3,42.2553744,38.7446256,3.5107488
Rasmussen Reports/Pulse Opinion Research, 12/20/2010,3500,LV,44,36,8,C+,-1.4892512,2.3,43.2553744,36.7446256,6.5107488
Gallup, 12/13/2010,898,RV,45,48,-3,B,-0.90473684,3,44.54763158,48.45236842,-3.90473684
Rasmussen Reports/Pulse Opinion Research, 12/13/2010,3500,LV,44,37,7,C+,-1.4892512,2.3,43.2553744,37.7446256,5.5107488
George Washington University (Battleground), 12/10/2010,1000,LV,42,41,1,B,-0.97508197,3,41.51245902,41.48754099,0.02491803
Bloomberg, 12/7/2010,714,LV,42,38,4,C,0,2,42,38,4
Rasmussen Reports/Pulse Opinion Research, 12/6/2010,3500,LV,43,39,4,C+,-1.4892512,2.3,42.2553744,39.7446256,2.5107488
Rasmussen Reports/Pulse Opinion Research, 11/29/2010,3500,LV,44,37,7,C+,-1.4892512,2.3,43.2553744,37.7446256,5.5107488
Rasmussen Reports/Pulse Opinion Research, 11/22/2010,3500,LV,44,37,7,C+,-1.4892512,2.3,43.2553744,37.7446256,5.5107488
CNN/Opinion Research Corp., 11/15/2010,928,RV,43,49,-6,B+,0.0607,3.3,43.03035,48.96965,-5.9393
Rasmussen Reports/Pulse Opinion Research, 11/15/2010,3500,LV,44,38,6,C+,-1.4892512,2.3,43.2553744,38.7446256,4.5107488
Gallup, 11/8/2010,894,RV,48,44,4,B,-0.90473684,3,47.54763158,44.45236842,3.09526316
Rasmussen Reports/Pulse Opinion Research, 11/8/2010,3500,LV,43,37,6,C+,-1.4892512,2.3,42.2553744,37.7446256,4.5107488
Pew Research Center, 11/8/2010,1644,RV,42,47,-5,B-,0.62980392,2.7,42.31490196,46.68509804,-4.37019608
CNN/Opinion Research Corp., 11/1/2010,952,RV,44,50,-6,B+,0.0607,3.3,44.03035,49.96965,-5.9393
Ipsos, 11/1/2010,950,RV,45,46,-1,B+,0.5955,3.3,45.29775,45.70225,-0.4045
Rasmussen Reports/Pulse Opinion Research, 11/1/2010,3500,LV,42,38,4,C+,-1.4892512,2.3,41.2553744,38.7446256,2.5107488
Rasmussen Reports/Pulse Opinion Research, 10/25/2010,3500,LV,42,38,4,C+,-1.4892512,2.3,41.2553744,38.7446256,2.5107488
ABC News/Washington Post, 10/18/2010,1004,A,39,51,-12,A+,0.61341176,4,39.30670588,50.69329412,-11.38658824
Rasmussen Reports/Pulse Opinion Research, 10/18/2010,3500,LV,42,37,5,C+,-1.4892512,2.3,41.2553744,37.7446256,3.5107488
Rasmussen Reports/Pulse Opinion Research, 10/11/2010,3500,LV,41,39,2,C+,-1.4892512,2.3,40.2553744,39.7446256,0.5107488
Gallup, 10/4/2010,906,RV,44,46,-2,B,-0.90473684,3,43.54763158,46.45236842,-2.90473684
Rasmussen Reports/Pulse Opinion Research, 10/4/2010,3500,LV,43,39,4,C+,-1.4892512,2.3,42.2553744,39.7446256,2.5107488
Rasmussen Reports/Pulse Opinion Research, 9/27/2010,3500,LV,42,40,2,C+,-1.4892512,2.3,41.2553744,40.7446256,0.5107488
Rasmussen Reports/Pulse Opinion Research, 9/20/2010,3500,LV,42,38,4,C+,-1.4892512,2.3,41.2553744,38.7446256,2.5107488
Bloomberg, 9/14/2010,1004,A,32,40,-8,C,0,2,32,40,-8
Rasmussen Reports/Pulse Opinion Research, 9/13/2010,3500,LV,41,40,1,C+,-1.4892512,2.3,40.2553744,40.7446256,-0.4892512
Rasmussen Reports/Pulse Opinion Research, 9/6/2010,3500,LV,44,37,7,C+,-1.4892512,2.3,43.2553744,37.7446256,5.5107488
Ipsos, 8/31/2010,903,RV,34,42,-8,B+,0.5955,3.3,34.29775,41.70225,-7.4045
Rasmussen Reports/Pulse Opinion Research, 8/30/2010,3500,LV,43,36,7,C+,-1.4892512,2.3,42.2553744,36.7446256,5.5107488
Pew Research Center, 8/27/2010,1669,RV,44,45,-1,B-,0.62980392,2.7,44.31490196,44.68509804,-0.37019608
Rasmussen Reports/Pulse Opinion Research, 8/23/2010,3500,LV,43,38,5,C+,-1.4892512,2.3,42.2553744,38.7446256,3.5107488
Rasmussen Reports/Pulse Opinion Research, 8/16/2010,3500,LV,43,38,5,C+,-1.4892512,2.3,42.2553744,38.7446256,3.5107488
Rasmussen Reports/Pulse Opinion Research, 8/9/2010,3500,LV,42,38,4,C+,-1.4892512,2.3,41.2553744,38.7446256,2.5107488
Rasmussen Reports/Pulse Opinion Research, 8/2/2010,3500,LV,43,38,5,C+,-1.4892512,2.3,42.2553744,38.7446256,3.5107488
NPR, 7/26/2010,850,LV,43,42,1,B-,0.08787879,2.7,43.0439394,41.95606061,1.08787879
Rasmussen Reports/Pulse Opinion Research, 7/26/2010,3500,LV,42,39,3,C+,-1.4892512,2.3,41.2553744,39.7446256,1.5107488
George Washington University (Battleground), 7/23/2010,1000,LV,40,43,-3,B,-0.97508197,3,39.51245902,43.48754099,-3.97508197
Rasmussen Reports/Pulse Opinion Research, 7/19/2010,3500,LV,42,38,4,C+,-1.4892512,2.3,41.2553744,38.7446256,2.5107488
Gallup, 7/12/2010,916,RV,44,50,-6,B,-0.90473684,3,43.54763158,50.45236842,-6.90473684
Rasmussen Reports/Pulse Opinion Research, 7/14/2010,3500,LV,40,37,3,C+,-1.4892512,2.3,39.2553744,37.7446256,1.5107488
Diageo/Hotline, 7/13/2010,800,RV,32,39,-7,C,0,2,32,39,-7
Rasmussen Reports/Pulse Opinion Research, 7/5/2010,3500,LV,41,38,3,C+,-1.4892512,2.3,40.2553744,38.7446256,1.5107488
Quinnipiac University, 6/29/2010,3063,RV,34,42,-8,A-,0.06815029,3.7,34.03407515,41.96592486,-7.93184971
Rasmussen Reports/Pulse Opinion Research, 6/28/2010,3500,LV,41,39,2,C+,-1.4892512,2.3,40.2553744,39.7446256,0.5107488
Rasmussen Reports/Pulse Opinion Research, 6/21/2010,3500,LV,39,41,-2,C+,-1.4892512,2.3,38.2553744,41.7446256,-3.4892512
Rasmussen Reports/Pulse Opinion Research, 6/14/2010,3500,LV,39,39,0,C+,-1.4892512,2.3,38.2553744,39.7446256,-1.4892512
Diageo/Hotline, 6/7/2010,800,RV,30,39,-9,C,0,2,30,39,-9
Rasmussen Reports/Pulse Opinion Research, 6/7/2010,3500,LV,40,40,0,C+,-1.4892512,2.3,39.2553744,40.7446256,-1.4892512
Quinnipiac University, 6/1/2010,3097,RV,32,42,-10,A-,0.06815029,3.7,32.03407515,41.96592486,-9.93184971
Rasmussen Reports/Pulse Opinion Research, 5/31/2010,3500,LV,37,38,-1,C+,-1.4892512,2.3,36.2553744,38.7446256,-2.4892512
Rasmussen Reports/Pulse Opinion Research, 5/24/2010,3500,LV,38,41,-3,C+,-1.4892512,2.3,37.2553744,41.7446256,-4.4892512
Rasmussen Reports/Pulse Opinion Research, 5/17/2010,3500,LV,39,40,-1,C+,-1.4892512,2.3,38.2553744,40.7446256,-2.4892512
Rasmussen Reports/Pulse Opinion Research, 5/10/2010,3500,LV,40,39,1,C+,-1.4892512,2.3,39.2553744,39.7446256,-0.4892512
Rasmussen Reports/Pulse Opinion Research, 5/3/2010,3500,LV,40,39,1,C+,-1.4892512,2.3,39.2553744,39.7446256,-0.4892512
Quinnipiac University, 4/27/2010,2041,RV,34,41,-7,A-,0.06815029,3.7,34.03407515,40.96592486,-6.93184971
Diageo/Hotline, 4/26/2010,800,RV,31,39,-8,C,0,2,31,39,-8
Rasmussen Reports/Pulse Opinion Research, 4/26/2010,3500,LV,41,38,3,C+,-1.4892512,2.3,40.2553744,38.7446256,1.5107488
Rasmussen Reports/Pulse Opinion Research, 4/19/2010,3500,LV,39,39,0,C+,-1.4892512,2.3,38.2553744,39.7446256,-1.4892512
Rasmussen Reports/Pulse Opinion Research, 4/12/2010,3500,LV,38,38,0,C+,-1.4892512,2.3,37.2553744,38.7446256,-1.4892512
Rasmussen Reports/Pulse Opinion Research, 4/5/2010,3500,LV,39,40,-1,C+,-1.4892512,2.3,38.2553744,40.7446256,-2.4892512
Diageo/Hotline, 3/29/2010,800,RV,32,37,-5,C,0,2,32,37,-5
Rasmussen Reports/Pulse Opinion Research, 3/29/2010,3500,LV,38,42,-4,C+,-1.4892512,2.3,37.2553744,42.7446256,-5.4892512
Rasmussen Reports/Pulse Opinion Research, 3/22/2010,3500,LV,38,41,-3,C+,-1.4892512,2.3,37.2553744,41.7446256,-4.4892512
NPR, 3/14/2010,800,LV,42,42,0,B-,0.08787879,2.7,42.0439394,41.95606061,0.08787879
Rasmussen Reports/Pulse Opinion Research, 3/15/2010,3500,LV,41,39,2,C+,-1.4892512,2.3,40.2553744,39.7446256,0.5107488
Rasmussen Reports/Pulse Opinion Research, 3/8/2010,3500,LV,38,42,-4,C+,-1.4892512,2.3,37.2553744,42.7446256,-5.4892512
Diageo/Hotline, 3/2/2010,803,RV,34,40,-6,C,0,2,34,40,-6
Rasmussen Reports/Pulse Opinion Research, 3/1/2010,3500,LV,39,41,-2,C+,-1.4892512,2.3,38.2553744,41.7446256,-3.4892512
Rasmussen Reports/Pulse Opinion Research, 2/22/2010,3500,LV,37,41,-4,C+,-1.4892512,2.3,36.2553744,41.7446256,-5.4892512
Rasmussen Reports/Pulse Opinion Research, 2/15/2010,3500,LV,39,41,-2,C+,-1.4892512,2.3,38.2553744,41.7446256,-3.4892512
Rasmussen Reports/Pulse Opinion Research, 2/8/2010,3500,LV,39,40,-1,C+,-1.4892512,2.3,38.2553744,40.7446256,-2.4892512
Rasmussen Reports/Pulse Opinion Research, 2/1/2010,3500,LV,38,42,-4,C+,-1.4892512,2.3,37.2553744,42.7446256,-5.4892512
Rasmussen Reports/Pulse Opinion Research, 1/25/2010,3500,LV,35,42,-7,C+,-1.4892512,2.3,34.2553744,42.7446256,-8.4892512
Diageo/Hotline, 1/24/2010,800,RV,22,46,-24,C,0,2,22,46,-24
George Washington University (Battleground), 11/5/2012,1000,LV,47,46,1,B,-0.97508197,3,46.51245902,46.48754099,0.02491803
CNN/Opinion Research Corp., 11/4/2012,693,LV,49,48,1,B+,0.0607,3.3,49.03035,47.96965,1.0607
Gallup, 11/4/2012,2551,LV,48,49,-1,B,-0.90473684,3,47.54763158,49.45236842,-1.90473684
Rasmussen Reports/Pulse Opinion Research, 11/4/2012,3500,LV,46,46,0,C+,-1.4892512,2.3,45.2553744,46.7446256,-1.4892512
George Washington University (Battleground), 11/1/2012,1000,LV,46,46,0,B,-0.97508197,3,45.51245902,46.48754099,-0.97508197
CBS News/New York Times, 10/28/2012,563,LV,46,48,-2,A-,0.43547945,3.7,46.21773973,47.78226028,-1.56452055
Rasmussen Reports/Pulse Opinion Research, 10/28/2012,3500,LV,46,43,3,C+,-1.4892512,2.3,45.2553744,43.7446256,1.5107488
NPR, 10/25/2012,1000,LV,43,43,0,B-,0.08787879,2.7,43.0439394,42.95606061,0.08787879
George Washington University (Battleground), 10/25/2012,1000,LV,46,45,1,B,-0.97508197,3,45.51245902,45.48754099,0.02491803
Rasmussen Reports/Pulse Opinion Research, 10/21/2012,3500,LV,44,43,1,C+,-1.4892512,2.3,43.2553744,43.7446256,-0.4892512
George Washington University (Battleground), 10/18/2012,1000,LV,46,46,0,B,-0.97508197,3,45.51245902,46.48754099,-0.97508197
Rasmussen Reports/Pulse Opinion Research, 10/14/2012,3500,LV,42,43,-1,C+,-1.4892512,2.3,41.2553744,43.7446256,-2.4892512
George Washington University (Battleground), 10/11/2012,1000,LV,44,46,-2,B,-0.97508197,3,43.51245902,46.48754099,-2.97508197
Rasmussen Reports/Pulse Opinion Research, 10/7/2012,3500,LV,43,44,-1,C+,-1.4892512,2.3,42.2553744,44.7446256,-2.4892512
George Washington University (Battleground), 10/4/2012,1000,LV,45,46,-1,B,-0.97508197,3,44.51245902,46.48754099,-1.97508197
NPR, 9/30/2012,800,LV,45,48,-3,B-,0.08787879,2.7,45.0439394,47.95606061,-2.91212121
Rasmussen Reports/Pulse Opinion Research, 9/30/2012,3500,LV,45,41,4,C+,-1.4892512,2.3,44.2553744,41.7446256,2.5107488
Gallup, 9/27/2012,1301,RV,46,47,-1,B,-0.90473684,3,45.54763158,47.45236842,-1.90473684
George Washington University (Battleground), 9/27/2012,1000,LV,44,46,-2,B,-0.97508197,3,43.51245902,46.48754099,-2.97508197
Bloomberg, 9/24/2012,789,LV,45,43,2,C,0,2,45,43,2
Rasmussen Reports/Pulse Opinion Research, 9/23/2012,3500,LV,44,43,1,C+,-1.4892512,2.3,43.2553744,43.7446256,-0.4892512
George Washington University (Battleground), 9/20/2012,1000,LV,45,47,-2,B,-0.97508197,3,44.51245902,47.48754099,-2.97508197
Rasmussen Reports/Pulse Opinion Research, 9/16/2012,3500,LV,44,43,1,C+,-1.4892512,2.3,43.2553744,43.7446256,-0.4892512
Ipsos, 9/10/2012,942,RV,43,49,-6,B+,0.5955,3.3,43.29775,48.70225,-5.4045
Rasmussen Reports/Pulse Opinion Research, 9/9/2012,3500,LV,42,44,-2,C+,-1.4892512,2.3,41.2553744,44.7446256,-3.4892512
Rasmussen Reports/Pulse Opinion Research, 9/2/2012,3500,LV,43,42,1,C+,-1.4892512,2.3,42.2553744,42.7446256,-0.4892512
Rasmussen Reports/Pulse Opinion Research, 8/26/2012,3500,LV,42,42,0,C+,-1.4892512,2.3,41.2553744,42.7446256,-1.4892512
Gallup, 8/22/2012,955,RV,47,47,0,B,-0.90473684,3,46.54763158,47.45236842,-0.90473684
Rasmussen Reports/Pulse Opinion Research, 8/19/2012,3500,LV,42,41,1,C+,-1.4892512,2.3,41.2553744,41.7446256,-0.4892512
Rasmussen Reports/Pulse Opinion Research, 8/12/2012,3500,LV,42,39,3,C+,-1.4892512,2.3,41.2553744,39.7446256,1.5107488
George Washington University (Battleground), 8/9/2012,1000,LV,45,43,2,B,-0.97508197,3,44.51245902,43.48754099,1.02491803
Ipsos, 8/6/2012,1014,RV,46,46,0,B+,0.5955,3.3,46.29775,45.70225,0.5955
Rasmussen Reports/Pulse Opinion Research, 8/5/2012,3500,LV,42,39,3,C+,-1.4892512,2.3,41.2553744,39.7446256,1.5107488
Rasmussen Reports/Pulse Opinion Research, 7/29/2012,3500,LV,43,40,3,C+,-1.4892512,2.3,42.2553744,40.7446256,1.5107488
Rasmussen Reports/Pulse Opinion Research, 7/22/2012,3500,LV,43,40,3,C+,-1.4892512,2.3,42.2553744,40.7446256,1.5107488
Rasmussen Reports/Pulse Opinion Research, 7/15/2012,3500,LV,43,40,3,C+,-1.4892512,2.3,42.2553744,40.7446256,1.5107488
Ipsos, 7/9/2012,885,RV,48,44,4,B+,0.5955,3.3,48.29775,43.70225,4.5955
Rasmussen Reports/Pulse Opinion Research, 7/8/2012,3500,LV,43,40,3,C+,-1.4892512,2.3,42.2553744,40.7446256,1.5107488
Quinnipiac University, 7/8/2012,2722,RV,40,43,-3,A-,0.06815029,3.7,40.03407515,42.96592486,-2.93184971
Rasmussen Reports/Pulse Opinion Research, 7/1/2012,3500,LV,41,40,1,C+,-1.4892512,2.3,40.2553744,40.7446256,-0.4892512
Newsweek/Daily Beast, 6/28/2012,600,LV,38,36,2,C,0,2,38,36,2
Rasmussen Reports/Pulse Opinion Research, 6/24/2012,3500,LV,44,39,5,C+,-1.4892512,2.3,43.2553744,39.7446256,3.5107488
Bloomberg, 6/18/2012,734,LV,41,48,-7,C,0,2,41,48,-7
Rasmussen Reports/Pulse Opinion Research, 6/17/2012,3500,LV,45,38,7,C+,-1.4892512,2.3,44.2553744,38.7446256,5.5107488
Pew Research Center, 6/17/2012,1563,RV,43,47,-4,B-,0.62980392,2.7,43.31490196,46.68509804,-3.37019608
Ipsos, 6/11/2012,848,RV,44,47,-3,B+,0.5955,3.3,44.29775,46.70225,-2.4045
Rasmussen Reports/Pulse Opinion Research, 6/10/2012,3500,LV,45,39,6,C+,-1.4892512,2.3,44.2553744,39.7446256,4.5107488
Rasmussen Reports/Pulse Opinion Research, 6/3/2012,3500,LV,44,37,7,C+,-1.4892512,2.3,43.2553744,37.7446256,5.5107488
CNN/Opinion Research Corp., 5/31/2012,895,RV,45,48,-3,B+,0.0607,3.3,45.03035,47.96965,-2.9393
Rasmussen Reports/Pulse Opinion Research, 5/27/2012,3500,LV,42,39,3,C+,-1.4892512,2.3,41.2553744,39.7446256,1.5107488
Rasmussen Reports/Pulse Opinion Research, 5/20/2012,3500,LV,43,39,4,C+,-1.4892512,2.3,42.2553744,39.7446256,2.5107488
Gallup, 5/13/2012,1012,A,50,44,6,B,-0.90473684,3,49.54763158,44.45236842,5.09526316
Rasmussen Reports/Pulse Opinion Research, 5/12/2012,3500,LV,45,38,7,C+,-1.4892512,2.3,44.2553744,38.7446256,5.5107488
Ipsos, 5/7/2012,959,RV,44,46,-2,B+,0.5955,3.3,44.29775,45.70225,-1.4045
Rasmussen Reports/Pulse Opinion Research, 5/6/2012,3500,LV,44,41,3,C+,-1.4892512,2.3,43.2553744,41.7446256,1.5107488
George Washington University (Battleground), 5/3/2012,1000,LV,45,43,2,B,-0.97508197,3,44.51245902,43.48754099,1.02491803
Rasmussen Reports/Pulse Opinion Research, 4/29/2012,3500,LV,43,40,3,C+,-1.4892512,2.3,42.2553744,40.7446256,1.5107488
Rasmussen Reports/Pulse Opinion Research, 4/22/2012,3500,LV,43,40,3,C+,-1.4892512,2.3,42.2553744,40.7446256,1.5107488
Quinnipiac University, 4/17/2012,2577,RV,39,40,-1,A-,0.06815029,3.7,39.03407515,39.96592486,-0.93184971
Ipsos, 4/15/2012,891,RV,41,42,-1,B+,0.5955,3.3,41.29775,41.70225,-0.4045
Rasmussen Reports/Pulse Opinion Research, 4/15/2012,3500,LV,46,36,10,C+,-1.4892512,2.3,45.2553744,36.7446256,8.5107488
Rasmussen Reports/Pulse Opinion Research, 4/8/2012,3500,LV,45,40,5,C+,-1.4892512,2.3,44.2553744,40.7446256,3.5107488
Rasmussen Reports/Pulse Opinion Research, 4/1/2012,3500,LV,45,39,6,C+,-1.4892512,2.3,44.2553744,39.7446256,4.5107488
Rasmussen Reports/Pulse Opinion Research, 3/25/2012,3500,LV,43,38,5,C+,-1.4892512,2.3,42.2553744,38.7446256,3.5107488
Marist College, 3/22/2012,846,RV,47,43,4,A,-0.45775194,4,46.77112403,43.22887597,3.54224806
Rasmussen Reports/Pulse Opinion Research, 3/18/2012,3500,LV,44,40,4,C+,-1.4892512,2.3,43.2553744,40.7446256,2.5107488
Bloomberg, 3/11/2012,746,LV,46,44,2,C,0,2,46,44,2
Ipsos, 3/11/2012,937,RV,43,47,-4,B+,0.5955,3.3,43.29775,46.70225,-3.4045
Rasmussen Reports/Pulse Opinion Research, 3/11/2012,3500,LV,44,38,6,C+,-1.4892512,2.3,43.2553744,38.7446256,4.5107488
Rasmussen Reports/Pulse Opinion Research, 3/4/2012,3500,LV,44,41,3,C+,-1.4892512,2.3,43.2553744,41.7446256,1.5107488
Rasmussen Reports/Pulse Opinion Research, 2/26/2012,3500,LV,43,39,4,C+,-1.4892512,2.3,42.2553744,39.7446256,2.5107488
George Washington University (Battleground), 2/22/2012,1000,LV,45,46,-1,B,-0.97508197,3,44.51245902,46.48754099,-1.97508197
Quinnipiac University, 2/20/2012,2605,RV,40,38,2,A-,0.06815029,3.7,40.03407515,37.96592486,2.06815029
Gallup, 2/19/2012,898,RV,47,47,0,B,-0.90473684,3,46.54763158,47.45236842,-0.90473684
Rasmussen Reports/Pulse Opinion Research, 2/19/2012,3500,LV,42,41,1,C+,-1.4892512,2.3,41.2553744,41.7446256,-0.4892512
Rasmussen Reports/Pulse Opinion Research, 2/12/2012,3500,LV,43,41,2,C+,-1.4892512,2.3,42.2553744,41.7446256,0.5107488
Ipsos, 2/6/2012,881,RV,44,46,-2,B+,0.5955,3.3,44.29775,45.70225,-1.4045
Rasmussen Reports/Pulse Opinion Research, 2/5/2012,3500,LV,43,41,2,C+,-1.4892512,2.3,42.2553744,41.7446256,0.5107488
Rasmussen Reports/Pulse Opinion Research, 1/29/2012,3500,LV,40,41,-1,C+,-1.4892512,2.3,39.2553744,41.7446256,-2.4892512
Rasmussen Reports/Pulse Opinion Research, 1/22/2012,3500,LV,42,39,3,C+,-1.4892512,2.3,41.2553744,39.7446256,1.5107488
Rasmussen Reports/Pulse Opinion Research, 1/15/2012,3500,LV,44,38,6,C+,-1.4892512,2.3,43.2553744,38.7446256,4.5107488
Ipsos, 1/9/2012,896,RV,44,48,-4,B+,0.5955,3.3,44.29775,47.70225,-3.4045
Rasmussen Reports/Pulse Opinion Research, 1/8/2012,4000,LV,44,38,6,C+,-1.4892512,2.3,43.2553744,38.7446256,4.5107488
Rasmussen Reports/Pulse Opinion Research, 12/30/2012,3000,LV,43,38,5,C+,-1.4892512,2.3,42.2553744,38.7446256,3.5107488
Rasmussen Reports/Pulse Opinion Research, 12/22/2012,3500,LV,43,40,3,C+,-1.4892512,2.3,42.2553744,40.7446256,1.5107488
Rasmussen Reports/Pulse Opinion Research, 12/18/2012,3500,LV,43,40,3,C+,-1.4892512,2.3,42.2553744,40.7446256,1.5107488
Ipsos, 12/12/2012,921,RV,42,48,-6,B+,0.5955,3.3,42.29775,47.70225,-5.4045
Rasmussen Reports/Pulse Opinion Research, 12/11/2012,3500,LV,42,39,3,C+,-1.4892512,2.3,41.2553744,39.7446256,1.5107488
Rasmussen Reports/Pulse Opinion Research, 12/4/2012,3500,LV,43,38,5,C+,-1.4892512,2.3,42.2553744,38.7446256,3.5107488
Rasmussen Reports/Pulse Opinion Research, 11/27/2012,2000,LV,43,38,5,C+,-1.4892512,2.3,42.2553744,38.7446256,3.5107488
Quinnipiac University, 11/20/2012,2552,RV,36,40,-4,A-,0.06815029,3.7,36.03407515,39.96592486,-3.93184971
Rasmussen Reports/Pulse Opinion Research, 11/20/2012,3500,LV,41,40,1,C+,-1.4892512,2.3,40.2553744,40.7446256,-0.4892512
Rasmussen Reports/Pulse Opinion Research, 11/13/2012,3500,LV,41,41,0,C+,-1.4892512,2.3,40.2553744,41.7446256,-1.4892512
George Washington University (Battleground), 11/9/2012,1000,LV,43,44,-1,B,-0.97508197,3,42.51245902,44.48754099,-1.97508197
Rasmussen Reports/Pulse Opinion Research, 11/6/2012,3500,LV,44,37,7,C+,-1.4892512,2.3,43.2553744,37.7446256,5.5107488
Ipsos, 11/3/2012,937,RV,43,48,-5,B+,0.5955,3.3,43.29775,47.70225,-4.4045
Quinnipiac University, 10/31/2012,2294,RV,34,42,-8,A-,0.06815029,3.7,34.03407515,41.96592486,-7.93184971
Rasmussen Reports/Pulse Opinion Research, 10/30/2012,3500,LV,43,40,3,C+,-1.4892512,2.3,42.2553744,40.7446256,1.5107488
Rasmussen Reports/Pulse Opinion Research, 10/23/2012,3500,LV,44,36,8,C+,-1.4892512,2.3,43.2553744,36.7446256,6.5107488
Rasmussen Reports/Pulse Opinion Research, 10/16/2012,3500,LV,42,39,3,C+,-1.4892512,2.3,41.2553744,39.7446256,1.5107488
Ipsos, 10/10/2012,934,RV,40,48,-8,B+,0.5955,3.3,40.29775,47.70225,-7.4045
Rasmussen Reports/Pulse Opinion Research, 10/9/2012,3500,LV,43,38,5,C+,-1.4892512,2.3,42.2553744,38.7446256,3.5107488
Quinnipiac University, 10/3/2012,2118,RV,39,39,0,A-,0.06815029,3.7,39.03407515,38.96592486,0.06815029
Rasmussen Reports/Pulse Opinion Research, 10/2/2012,3500,LV,44,38,6,C+,-1.4892512,2.3,43.2553744,38.7446256,4.5107488
Rasmussen Reports/Pulse Opinion Research, 9/25/2012,3500,LV,42,40,2,C+,-1.4892512,2.3,41.2553744,40.7446256,0.5107488
Rasmussen Reports/Pulse Opinion Research, 9/18/2012,3500,LV,42,39,3,C+,-1.4892512,2.3,41.2553744,39.7446256,1.5107488
Rasmussen Reports/Pulse Opinion Research, 9/11/2012,3500,LV,43,38,5,C+,-1.4892512,2.3,42.2553744,38.7446256,3.5107488
Rasmussen Reports/Pulse Opinion Research, 9/4/2012,3500,LV,44,37,7,C+,-1.4892512,2.3,43.2553744,37.7446256,5.5107488
George Washington University (Battleground), 9/1/2012,1000,LV,40,41,-1,B,-0.97508197,3,39.51245902,41.48754099,-1.97508197
Rasmussen Reports/Pulse Opinion Research, 8/28/2012,3500,LV,45,36,9,C+,-1.4892512,2.3,44.2553744,36.7446256,7.5107488
Quinnipiac University, 8/27/2012,2730,RV,38,38,0,A-,0.06815029,3.7,38.03407515,37.96592486,0.06815029
Pew Research Center, 8/21/2012,1205,RV,44,48,-4,B-,0.62980392,2.7,44.31490196,47.68509804,-3.37019608
Rasmussen Reports/Pulse Opinion Research, 8/21/2012,3500,LV,44,38,6,C+,-1.4892512,2.3,43.2553744,38.7446256,4.5107488
Rasmussen Reports/Pulse Opinion Research, 8/14/2012,3500,LV,44,37,7,C+,-1.4892512,2.3,43.2553744,37.7446256,5.5107488
Gallup, 8/7/2012,1204,RV,44,51,-7,B,-0.90473684,3,43.54763158,51.45236842,-7.90473684
Rasmussen Reports/Pulse Opinion Research, 8/7/2012,3500,LV,41,39,2,C+,-1.4892512,2.3,40.2553744,39.7446256,0.5107488
Rasmussen Reports/Pulse Opinion Research, 7/31/2012,3500,LV,43,39,4,C+,-1.4892512,2.3,42.2553744,39.7446256,2.5107488
Rasmussen Reports/Pulse Opinion Research, 7/24/2012,3500,LV,44,38,6,C+,-1.4892512,2.3,43.2553744,38.7446256,4.5107488
Rasmussen Reports/Pulse Opinion Research, 7/17/2012,3500,LV,44,38,6,C+,-1.4892512,2.3,43.2553744,38.7446256,4.5107488
Rasmussen Reports/Pulse Opinion Research, 7/10/2012,3500,LV,44,38,6,C+,-1.4892512,2.3,43.2553744,38.7446256,4.5107488
Rasmussen Reports/Pulse Opinion Research, 7/2/2012,3500,LV,43,40,3,C+,-1.4892512,2.3,42.2553744,40.7446256,1.5107488
Rasmussen Reports/Pulse Opinion Research, 6/26/2012,3500,LV,44,37,7,C+,-1.4892512,2.3,43.2553744,37.7446256,5.5107488
Rasmussen Reports/Pulse Opinion Research, 6/19/2012,3500,LV,43,37,6,C+,-1.4892512,2.3,42.2553744,37.7446256,4.5107488
Rasmussen Reports/Pulse Opinion Research, 6/12/2012,4000,LV,43,38,5,C+,-1.4892512,2.3,42.2553744,38.7446256,3.5107488
Rasmussen Reports/Pulse Opinion Research, 6/5/2012,3500,LV,43,37,6,C+,-1.4892512,2.3,42.2553744,37.7446256,4.5107488
Rasmussen Reports/Pulse Opinion Research, 5/29/2012,3500,LV,43,37,6,C+,-1.4892512,2.3,42.2553744,37.7446256,4.5107488
Rasmussen Reports/Pulse Opinion Research, 5/22/2012,3500,LV,42,40,2,C+,-1.4892512,2.3,41.2553744,40.7446256,0.5107488
Rasmussen Reports/Pulse Opinion Research, 5/15/2012,3500,LV,44,37,7,C+,-1.4892512,2.3,43.2553744,37.7446256,5.5107488
George Washington University (Battleground), 5/12/2012,1000,LV,42,42,0,B,-0.97508197,3,41.51245902,42.48754099,-0.97508197
Rasmussen Reports/Pulse Opinion Research, 5/7/2012,3500,LV,41,38,3,C+,-1.4892512,2.3,40.2553744,38.7446256,1.5107488
CNN/Opinion Research Corp., 5/1/2012,964,RV,46,50,-4,B+,0.0607,3.3,46.03035,49.96965,-3.9393
Rasmussen Reports/Pulse Opinion Research, 5/1/2012,3500,LV,42,39,3,C+,-1.4892512,2.3,41.2553744,39.7446256,1.5107488
Rasmussen Reports/Pulse Opinion Research, 4/24/2012,3500,LV,42,40,2,C+,-1.4892512,2.3,41.2553744,40.7446256,0.5107488
Rasmussen Reports/Pulse Opinion Research, 4/17/2012,3500,LV,42,39,3,C+,-1.4892512,2.3,41.2553744,39.7446256,1.5107488
Rasmussen Reports/Pulse Opinion Research, 4/10/2012,3500,LV,44,38,6,C+,-1.4892512,2.3,43.2553744,38.7446256,4.5107488
Rasmussen Reports/Pulse Opinion Research, 4/3/2012,3500,LV,44,39,5,C+,-1.4892512,2.3,43.2553744,39.7446256,3.5107488
Quinnipiac University, 3/28/2012,2069,RV,40,37,3,A-,0.06815029,3.7,40.03407515,36.96592486,3.06815029
Rasmussen Reports/Pulse Opinion Research, 3/27/2012,3500,LV,43,39,4,C+,-1.4892512,2.3,42.2553744,39.7446256,2.5107488
Rasmussen Reports/Pulse Opinion Research, 3/20/2012,3500,LV,45,37,8,C+,-1.4892512,2.3,44.2553744,37.7446256,6.5107488
Rasmussen Reports/Pulse Opinion Research, 3/13/2012,3500,LV,46,37,9,C+,-1.4892512,2.3,45.2553744,37.7446256,7.5107488
Rasmussen Reports/Pulse Opinion Research, 3/6/2012,3500,LV,45,39,6,C+,-1.4892512,2.3,44.2553744,39.7446256,4.5107488
Rasmussen Reports/Pulse Opinion Research, 2/27/2012,3500,LV,45,39,6,C+,-1.4892512,2.3,44.2553744,39.7446256,4.5107488
Rasmussen Reports/Pulse Opinion Research, 2/20/2012,3500,LV,46,37,9,C+,-1.4892512,2.3,45.2553744,37.7446256,7.5107488
Rasmussen Reports/Pulse Opinion Research, 2/13/2012,3500,LV,45,39,6,C+,-1.4892512,2.3,44.2553744,39.7446256,4.5107488
Rasmussen Reports/Pulse Opinion Research, 2/6/2012,3500,LV,45,38,7,C+,-1.4892512,2.3,44.2553744,38.7446256,5.5107488
Rasmussen Reports/Pulse Opinion Research, 1/30/2012,3500,LV,45,38,7,C+,-1.4892512,2.3,44.2553744,38.7446256,5.5107488
Rasmussen Reports/Pulse Opinion Research, 1/23/2012,3500,LV,44,39,5,C+,-1.4892512,2.3,43.2553744,39.7446256,3.5107488
Rasmussen Reports/Pulse Opinion Research, 1/16/2012,3500,LV,46,38,8,C+,-1.4892512,2.3,45.2553744,38.7446256,6.5107488
Rasmussen Reports/Pulse Opinion Research, 1/9/2012,3500,LV,47,36,11,C+,-1.4892512,2.3,46.2553744,36.7446256,9.5107488
Rasmussen Reports/Pulse Opinion Research, 1/2/2012,3000,LV,45,35,10,C+,-1.4892512,2.3,44.2553744,35.7446256,8.5107488
Rasmussen Reports/Pulse Opinion Research, 12/26/2012,3500,LV,43,38,5,C+,-1.4892512,2.3,42.2553744,38.7446256,3.5107488
Rasmussen Reports/Pulse Opinion Research, 12/19/2012,3500,LV,45,38,7,C+,-1.4892512,2.3,44.2553744,38.7446256,5.5107488
Rasmussen Reports/Pulse Opinion Research, 12/12/2012,3500,LV,45,39,6,C+,-1.4892512,2.3,44.2553744,39.7446256,4.5107488
Rasmussen Reports/Pulse Opinion Research, 12/5/2012,3500,LV,45,40,5,C+,-1.4892512,2.3,44.2553744,40.7446256,3.5107488
Rasmussen Reports/Pulse Opinion Research, 11/28/2012,2500,LV,46,40,6,C+,-1.4892512,2.3,45.2553744,40.7446256,4.5107488
Rasmussen Reports/Pulse Opinion Research, 11/21/2012,3500,LV,44,39,5,C+,-1.4892512,2.3,43.2553744,39.7446256,3.5107488
Rasmussen Reports/Pulse Opinion Research, 11/14/2012,3500,LV,45,40,5,C+,-1.4892512,2.3,44.2553744,40.7446256,3.5107488
Rasmussen Reports/Pulse Opinion Research, 11/7/2012,3500,LV,49,39,10,C+,-1.4892512,2.3,48.2553744,39.7446256,8.5107488
NBC News/Wall Street Journal, 11/1/2014,826,LV,48,48,0,A-,0.80923077,3.7,48.40461539,47.59538462,0.80923077
Rasmussen Reports/Pulse Opinion Research, 11/2/2014,3500,LV,44,41,3,C+,-1.4892512,2.3,43.2553744,41.7446256,1.5107488
Fox News/Anderson Robbins Research/Shaw & Co. Research, 10/27/2014,734,LV,44,45,-1,A,0.61413043,4,44.30706522,44.69293479,-0.38586957
CBS News/New York Times, 10/27/2014,624,LV,50,42,8,A-,0.43547945,3.7,50.21773973,41.78226028,8.43547945
CNN/Opinion Research Corp., 10/26/2014,540,LV,46,47,-1,B+,0.0607,3.3,46.03035,46.96965,-0.9393
ABC News/Washington Post, 10/26/2014,758,LV,50,44,6,A+,0.61341176,4,50.30670588,43.69329412,6.61341176
USA Today/PSRAI, 10/26/2014,697,LV,42,43,-1,C,0,2,42,43,-1
Rasmussen Reports/Pulse Opinion Research, 10/26/2014,3500,LV,43,41,2,C+,-1.4892512,2.3,42.2553744,41.7446256,0.5107488
GfK Group, 10/20/2014,968,LV,40,32,8,B,0.25490196,3,40.12745098,31.87254902,8.25490196
Pew Research Center, 10/20/2014,1126,LV,46,47,-1,B-,0.62980392,2.7,46.31490196,46.68509804,-0.37019608
Rasmussen Reports/Pulse Opinion Research, 10/19/2014,3500,LV,41,41,0,C+,-1.4892512,2.3,40.2553744,41.7446256,-1.4892512
Fox News/Anderson Robbins Research/Shaw & Co. Research, 10/14/2014,831,LV,45,42,3,A,0.61413043,4,45.30706522,41.69293479,3.61413043
ABC News/Washington Post, 10/12/2014,629,LV,50,43,7,A+,0.61341176,4,50.30670588,42.69329412,7.61341176
NBC News/Wall Street Journal, 10/12/2014,666,LV,48,47,1,A-,0.80923077,3.7,48.40461539,46.59538462,1.80923077
Rasmussen Reports/Pulse Opinion Research, 10/12/2014,3500,LV,40,40,0,C+,-1.4892512,2.3,39.2553744,40.7446256,-1.4892512
CBS News/New York Times, 10/6/2014,575,LV,49,43,6,A-,0.43547945,3.7,49.21773973,42.78226028,6.43547945
Rasmussen Reports/Pulse Opinion Research, 10/5/2014,3500,LV,39,41,-2,C+,-1.4892512,2.3,38.2553744,41.7446256,-3.4892512
Fox News/Anderson Robbins Research/Shaw & Co. Research, 9/30/2014,845,LV,47,40,7,A,0.61413043,4,47.30706522,39.69293479,7.61413043
Gallup, 9/30/2014,1095,RV,47,46,1,B,-0.90473684,3,46.54763158,46.45236842,0.09526316
Marist College, 9/29/2014,884,RV,44,45,-1,A,-0.45775194,4,43.77112403,45.22887597,-1.45775194
CNN/Opinion Research Corp., 9/28/2014,701,LV,45,47,-2,B+,0.0607,3.3,45.03035,46.96965,-1.9393
Rasmussen Reports/Pulse Opinion Research, 9/28/2014,3500,LV,39,40,-1,C+,-1.4892512,2.3,38.2553744,40.7446256,-2.4892512
Rasmussen Reports/Pulse Opinion Research, 9/21/2014,3500,LV,40,40,0,C+,-1.4892512,2.3,39.2553744,40.7446256,-1.4892512
CBS News/New York Times, 9/15/2014,470,LV,49,42,7,A-,0.43547945,3.7,49.21773973,41.78226028,7.43547945
Rasmussen Reports/Pulse Opinion Research, 9/14/2014,3500,LV,38,41,-3,C+,-1.4892512,2.3,37.2553744,41.7446256,-4.4892512
Fox News/Anderson Robbins Research/Shaw & Co. Research, 9/9/2014,833,LV,47,40,7,A,0.61413043,4,47.30706522,39.69293479,7.61413043
Pew Research Center, 9/9/2014,1150,LV,47,44,3,B-,0.62980392,2.7,47.31490196,43.68509804,3.62980392
Rasmussen Reports/Pulse Opinion Research, 9/7/2014,3500,LV,41,39,2,C+,-1.4892512,2.3,40.2553744,39.7446256,0.5107488
George Washington University (Battleground), 8/28/2014,1000,LV,46,42,4,B,-0.97508197,3,45.51245902,42.48754099,3.02491803
Rasmussen Reports/Pulse Opinion Research, 8/31/2014,3500,LV,41,40,1,C+,-1.4892512,2.3,40.2553744,40.7446256,-0.4892512
Pew Research Center, 8/24/2014,1171,RV,42,47,-5,B-,0.62980392,2.7,42.31490196,46.68509804,-4.37019608
Rasmussen Reports/Pulse Opinion Research, 8/24/2014,3500,LV,40,39,1,C+,-1.4892512,2.3,39.2553744,39.7446256,-0.4892512
Rasmussen Reports/Pulse Opinion Research, 8/17/2014,3500,LV,39,39,0,C+,-1.4892512,2.3,38.2553744,39.7446256,-1.4892512
Fox News/Anderson Robbins Research/Shaw & Co. Research, 8/12/2014,1001,RV,39,46,-7,A,0.61413043,4,39.30706522,45.69293479,-6.38586957
Marist College, 8/7/2014,806,RV,43,38,5,A,-0.45775194,4,42.77112403,38.22887597,4.54224806
Rasmussen Reports/Pulse Opinion Research, 8/10/2014,3500,LV,40,39,1,C+,-1.4892512,2.3,39.2553744,39.7446256,-0.4892512
Rasmussen Reports/Pulse Opinion Research, 8/3/2014,3500,LV,42,38,4,C+,-1.4892512,2.3,41.2553744,38.7446256,2.5107488
Fox News/Anderson Robbins Research/Shaw & Co. Research, 7/22/2014,1057,RV,41,43,-2,A,0.61413043,4,41.30706522,42.69293479,-1.38586957
Rasmussen Reports/Pulse Opinion Research, 7/27/2014,3500,LV,39,41,-2,C+,-1.4892512,2.3,38.2553744,41.7446256,-3.4892512
CNN/Opinion Research Corp., 7/20/2014,899,RV,44,48,-4,B+,0.0607,3.3,44.03035,47.96965,-3.9393
Pew Research Center, 7/14/2014,1420,RV,45,47,-2,B-,0.62980392,2.7,45.31490196,46.68509804,-1.37019608
Rasmussen Reports/Pulse Opinion Research, 7/20/2014,3500,LV,39,39,0,C+,-1.4892512,2.3,38.2553744,39.7446256,-1.4892512
Rasmussen Reports/Pulse Opinion Research, 7/13/2014,3500,LV,38,39,-1,C+,-1.4892512,2.3,37.2553744,39.7446256,-2.4892512
Quinnipiac University, 6/30/2014,1446,RV,39,41,-2,A-,0.06815029,3.7,39.03407515,40.96592486,-1.93184971
Rasmussen Reports/Pulse Opinion Research, 7/6/2014,3500,LV,38,41,-3,C+,-1.4892512,2.3,37.2553744,41.7446256,-4.4892512
Rasmussen Reports/Pulse Opinion Research, 6/29/2014,3500,LV,38,40,-2,C+,-1.4892512,2.3,37.2553744,40.7446256,-3.4892512
Fox News/Anderson Robbins Research/Shaw & Co. Research, 6/23/2014,1018,RV,42,42,0,A,0.61413043,4,42.30706522,41.69293479,0.61413043
Rasmussen Reports/Pulse Opinion Research, 6/22/2014,3500,LV,38,40,-2,C+,-1.4892512,2.3,37.2553744,40.7446256,-3.4892512
Rasmussen Reports/Pulse Opinion Research, 6/15/2014,3500,LV,37,39,-2,C+,-1.4892512,2.3,36.2553744,39.7446256,-3.4892512
Bloomberg, 6/9/2014,763,LV,43,43,0,C,0,2,43,43,0
Rasmussen Reports/Pulse Opinion Research, 6/8/2014,3500,LV,37,41,-4,C+,-1.4892512,2.3,36.2553744,41.7446256,-5.4892512
Fox News/Anderson Robbins Research/Shaw & Co. Research, 6/3/2014,1006,RV,43,39,4,A,0.61413043,4,43.30706522,38.69293479,4.61413043
Rasmussen Reports/Pulse Opinion Research, 6/1/2014,3500,LV,38,41,-3,C+,-1.4892512,2.3,37.2553744,41.7446256,-4.4892512
Rasmussen Reports/Pulse Opinion Research, 5/25/2014,3500,LV,38,42,-4,C+,-1.4892512,2.3,37.2553744,42.7446256,-5.4892512
Rasmussen Reports/Pulse Opinion Research, 5/18/2014,3500,LV,37,41,-4,C+,-1.4892512,2.3,36.2553744,41.7446256,-5.4892512
Fox News/Anderson Robbins Research/Shaw & Co. Research, 5/13/2014,1025,RV,40,43,-3,A,0.61413043,4,40.30706522,42.69293479,-2.38586957
Rasmussen Reports/Pulse Opinion Research, 5/11/2014,3500,LV,38,40,-2,C+,-1.4892512,2.3,37.2553744,40.7446256,-3.4892512
CNN/Opinion Research Corp., 5/4/2014,911,RV,46,45,1,B+,0.0607,3.3,46.03035,44.96965,1.0607
Rasmussen Reports/Pulse Opinion Research, 5/4/2014,3500,LV,37,41,-4,C+,-1.4892512,2.3,36.2553744,41.7446256,-5.4892512
ABC News/Washington Post, 4/27/2014,855,RV,44,45,-1,A+,0.61341176,4,44.30670588,44.69329412,-0.38658824
Pew Research Center, 4/27/2014,1162,RV,47,43,4,B-,0.62980392,2.7,47.31490196,42.68509804,4.62980392
Rasmussen Reports/Pulse Opinion Research, 4/27/2014,3500,LV,40,38,2,C+,-1.4892512,2.3,39.2553744,38.7446256,0.5107488
Rasmussen Reports/Pulse Opinion Research, 4/20/2014,3500,LV,41,40,1,C+,-1.4892512,2.3,40.2553744,40.7446256,-0.4892512
Fox News/Anderson Robbins Research/Shaw & Co. Research, 4/15/2014,1012,RV,44,41,3,A,0.61413043,4,44.30706522,40.69293479,3.61413043
Rasmussen Reports/Pulse Opinion Research, 4/13/2014,3500,LV,38,40,-2,C+,-1.4892512,2.3,37.2553744,40.7446256,-3.4892512
Marist College, 4/10/2014,1036,RV,42,48,-6,A,-0.45775194,4,41.77112403,48.22887597,-6.45775194
Rasmussen Reports/Pulse Opinion Research, 4/6/2014,3500,LV,39,40,-1,C+,-1.4892512,2.3,38.2553744,40.7446256,-2.4892512
Quinnipiac University, 3/31/2014,1578,RV,38,40,-2,A-,0.06815029,3.7,38.03407515,39.96592486,-1.93184971
Reason-Rupe/PSRAI, 3/30/2014,1003,A,36,40,-4,C,0,2,36,40,-4
Rasmussen Reports/Pulse Opinion Research, 3/30/2014,3500,LV,38,39,-1,C+,-1.4892512,2.3,37.2553744,39.7446256,-2.4892512
NPR, 3/23/2014,840,LV,43,44,-1,B-,0.08787879,2.7,43.0439394,43.95606061,-0.91212121
George Washington University (Battleground), 3/20/2014,1000,LV,43,43,0,B,-0.97508197,3,42.51245902,43.48754099,-0.97508197
Rasmussen Reports/Pulse Opinion Research, 3/23/2014,3500,LV,37,41,-4,C+,-1.4892512,2.3,36.2553744,41.7446256,-5.4892512
Rasmussen Reports/Pulse Opinion Research, 3/16/2014,3500,LV,39,38,1,C+,-1.4892512,2.3,38.2553744,38.7446256,-0.4892512
Rasmussen Reports/Pulse Opinion Research, 3/9/2014,3500,LV,39,39,0,C+,-1.4892512,2.3,38.2553744,39.7446256,-1.4892512
Fox News/Anderson Robbins Research/Shaw & Co. Research, 3/4/2014,1002,RV,38,40,-2,A,0.61413043,4,38.30706522,39.69293479,-1.38586957
Rasmussen Reports/Pulse Opinion Research, 3/2/2014,3500,LV,36,39,-3,C+,-1.4892512,2.3,35.2553744,39.7446256,-4.4892512
Rasmussen Reports/Pulse Opinion Research, 2/23/2014,3500,LV,37,41,-4,C+,-1.4892512,2.3,36.2553744,41.7446256,-5.4892512
Rasmussen Reports/Pulse Opinion Research, 2/16/2014,3500,LV,37,41,-4,C+,-1.4892512,2.3,36.2553744,41.7446256,-5.4892512
Marist College, 2/9/2014,970,RV,44,46,-2,A,-0.45775194,4,43.77112403,46.22887597,-2.45775194
Rasmussen Reports/Pulse Opinion Research, 2/9/2014,3500,LV,38,40,-2,C+,-1.4892512,2.3,37.2553744,40.7446256,-3.4892512
Rasmussen Reports/Pulse Opinion Research, 2/2/2014,3500,LV,40,39,1,C+,-1.4892512,2.3,39.2553744,39.7446256,-0.4892512
Rasmussen Reports/Pulse Opinion Research, 1/26/2014,3500,LV,37,42,-5,C+,-1.4892512,2.3,36.2553744,42.7446256,-6.4892512
Fox News/Anderson Robbins Research/Shaw & Co. Research, 1/21/2014,1010,RV,43,41,2,A,0.61413043,4,43.30706522,40.69293479,2.61413043
Quinnipiac University, 1/19/2014,1933,RV,38,37,1,A-,0.06815029,3.7,38.03407515,36.96592486,1.06815029
George Washington University (Battleground), 1/16/2014,1000,LV,43,41,2,B,-0.97508197,3,42.51245902,41.48754099,1.02491803
Rasmussen Reports/Pulse Opinion Research, 1/19/2014,3500,LV,35,41,-6,C+,-1.4892512,2.3,34.2553744,41.7446256,-7.4892512
Rasmussen Reports/Pulse Opinion Research, 1/12/2014,3500,LV,37,41,-4,C+,-1.4892512,2.3,36.2553744,41.7446256,-5.4892512
Quinnipiac University, 1/7/2014,1487,RV,38,37,1,A-,0.06815029,3.7,38.03407515,36.96592486,1.06815029
Rasmussen Reports/Pulse Opinion Research, 1/5/2014,3500,LV,38,40,-2,C+,-1.4892512,2.3,37.2553744,40.7446256,-3.4892512
Rasmussen Reports/Pulse Opinion Research, 12/29/2014,3500,LV,40,40,0,C+,-1.4892512,2.3,39.2553744,40.7446256,-1.4892512
Rasmussen Reports/Pulse Opinion Research, 12/22/2014,3500,LV,42,39,3,C+,-1.4892512,2.3,41.2553744,39.7446256,1.5107488
CNN/Opinion Research Corp., 12/19/2014,950,RV,49,44,5,B+,0.0607,3.3,49.03035,43.96965,5.0607
Fox News/Anderson Robbins Research/Shaw & Co. Research, 12/16/2014,1027,RV,43,43,0,A,0.61413043,4,43.30706522,42.69293479,0.61413043
Rasmussen Reports/Pulse Opinion Research, 12/15/2014,3500,LV,40,40,0,C+,-1.4892512,2.3,39.2553744,40.7446256,-1.4892512
Quinnipiac University, 12/9/2014,2692,RV,41,38,3,A-,0.06815029,3.7,41.03407515,37.96592486,3.06815029
Pew Research Center, 12/8/2014,1579,RV,44,48,-4,B-,0.62980392,2.7,44.31490196,47.68509804,-3.37019608
Rasmussen Reports/Pulse Opinion Research, 12/8/2014,3500,LV,43,38,5,C+,-1.4892512,2.3,42.2553744,38.7446256,3.5107488
Marist College, 12/5/2014,988,RV,43,43,0,A,-0.45775194,4,42.77112403,43.22887597,-0.45775194
Rasmussen Reports/Pulse Opinion Research, 12/1/2014,3500,LV,43,38,5,C+,-1.4892512,2.3,42.2553744,38.7446256,3.5107488
CNN/Opinion Research Corp., 11/20/2014,749,RV,49,47,2,B+,0.0607,3.3,49.03035,46.96965,2.0607
Rasmussen Reports/Pulse Opinion Research, 11/24/2014,3500,LV,40,41,-1,C+,-1.4892512,2.3,39.2553744,41.7446256,-2.4892512
Rasmussen Reports/Pulse Opinion Research, 11/17/2014,3500,LV,40,39,1,C+,-1.4892512,2.3,39.2553744,39.7446256,-0.4892512
Fox News/Anderson Robbins Research/Shaw & Co. Research, 11/12/2014,1006,RV,43,40,3,A,0.61413043,4,43.30706522,39.69293479,3.61413043
Quinnipiac University, 11/11/2014,2545,RV,39,39,0,A-,0.06815029,3.7,39.03407515,38.96592486,0.06815029
Rasmussen Reports/Pulse Opinion Research, 11/10/2014,3500,LV,39,41,-2,C+,-1.4892512,2.3,38.2553744,41.7446256,-3.4892512
Rasmussen Reports/Pulse Opinion Research, 11/3/2014,3500,LV,37,43,-6,C+,-1.4892512,2.3,36.2553744,43.7446256,-7.4892512
George Washington University (Battleground), 10/31/2014,1000,LV,41,44,-3,B,-0.97508197,3,40.51245902,44.48754099,-3.97508197
Rasmussen Reports/Pulse Opinion Research, 10/27/2014,3500,LV,37,43,-6,C+,-1.4892512,2.3,36.2553744,43.7446256,-7.4892512
Fox News/Anderson Robbins Research/Shaw & Co. Research, 10/22/2014,1020,RV,37,45,-8,A,0.61413043,4,37.30706522,44.69293479,-7.38586957
Rasmussen Reports/Pulse Opinion Research, 10/20/2014,3500,LV,36,43,-7,C+,-1.4892512,2.3,35.2553744,43.7446256,-8.4892512
Pew Research Center, 10/13/2014,1259,RV,43,49,-6,B-,0.62980392,2.7,43.31490196,48.68509804,-5.37019608
Rasmussen Reports/Pulse Opinion Research, 10/13/2014,3500,LV,38,45,-7,C+,-1.4892512,2.3,37.2553744,45.7446256,-8.4892512
Rasmussen Reports/Pulse Opinion Research, 10/6/2014,3500,LV,40,40,0,C+,-1.4892512,2.3,39.2553744,40.7446256,-1.4892512
Rasmussen Reports/Pulse Opinion Research, 9/29/2014,3500,LV,38,42,-4,C+,-1.4892512,2.3,37.2553744,42.7446256,-5.4892512
Quinnipiac University, 9/29/2014,1497,RV,34,43,-9,A-,0.06815029,3.7,34.03407515,42.96592486,-8.93184971
Rasmussen Reports/Pulse Opinion Research, 9/22/2014,3500,LV,37,40,-3,C+,-1.4892512,2.3,36.2553744,40.7446256,-4.4892512
Rasmussen Reports/Pulse Opinion Research, 9/15/2014,3500,LV,38,38,0,C+,-1.4892512,2.3,37.2553744,38.7446256,-1.4892512
Rasmussen Reports/Pulse Opinion Research, 9/8/2014,3500,LV,39,39,0,C+,-1.4892512,2.3,38.2553744,39.7446256,-1.4892512
Rasmussen Reports/Pulse Opinion Research, 9/1/2014,3500,LV,37,39,-2,C+,-1.4892512,2.3,36.2553744,39.7446256,-3.4892512
Rasmussen Reports/Pulse Opinion Research, 8/25/2014,3500,LV,39,38,1,C+,-1.4892512,2.3,38.2553744,38.7446256,-0.4892512
Rasmussen Reports/Pulse Opinion Research, 8/18/2014,3500,LV,38,38,0,C+,-1.4892512,2.3,37.2553744,38.7446256,-1.4892512
Rasmussen Reports/Pulse Opinion Research, 8/11/2014,3500,LV,39,39,0,C+,-1.4892512,2.3,38.2553744,39.7446256,-1.4892512
Rasmussen Reports/Pulse Opinion Research, 8/4/2014,3500,LV,41,38,3,C+,-1.4892512,2.3,40.2553744,38.7446256,1.5107488
Quinnipiac University, 7/31/2014,1468,RV,36,40,-4,A-,0.06815029,3.7,36.03407515,39.96592486,-3.93184971
Rasmussen Reports/Pulse Opinion Research, 7/28/2014,3500,LV,38,39,-1,C+,-1.4892512,2.3,37.2553744,39.7446256,-2.4892512
Rasmussen Reports/Pulse Opinion Research, 7/21/2014,3500,LV,38,40,-2,C+,-1.4892512,2.3,37.2553744,40.7446256,-3.4892512
Rasmussen Reports/Pulse Opinion Research, 7/14/2014,3500,LV,39,38,1,C+,-1.4892512,2.3,38.2553744,38.7446256,-0.4892512
Quinnipiac University, 7/8/2014,2014,RV,34,39,-5,A-,0.06815029,3.7,34.03407515,38.96592486,-4.93184971
Rasmussen Reports/Pulse Opinion Research, 7/7/2014,3500,LV,40,39,1,C+,-1.4892512,2.3,39.2553744,39.7446256,-0.4892512
Rasmussen Reports/Pulse Opinion Research, 6/30/2014,3500,LV,39,38,1,C+,-1.4892512,2.3,38.2553744,38.7446256,-0.4892512
Rasmussen Reports/Pulse Opinion Research, 6/23/2014,3500,LV,39,40,-1,C+,-1.4892512,2.3,38.2553744,40.7446256,-2.4892512
Rasmussen Reports/Pulse Opinion Research, 6/16/2014,3500,LV,39,39,0,C+,-1.4892512,2.3,38.2553744,39.7446256,-1.4892512
Rasmussen Reports/Pulse Opinion Research, 6/9/2014,3500,LV,38,40,-2,C+,-1.4892512,2.3,37.2553744,40.7446256,-3.4892512
Rasmussen Reports/Pulse Opinion Research, 6/2/2014,3500,LV,40,40,0,C+,-1.4892512,2.3,39.2553744,40.7446256,-1.4892512
Quinnipiac University, 5/28/2014,1419,RV,38,38,0,A-,0.06815029,3.7,38.03407515,37.96592486,0.06815029
Rasmussen Reports/Pulse Opinion Research, 5/26/2014,3500,LV,39,41,-2,C+,-1.4892512,2.3,38.2553744,41.7446256,-3.4892512
Rasmussen Reports/Pulse Opinion Research, 5/19/2014,3500,LV,40,39,1,C+,-1.4892512,2.3,39.2553744,39.7446256,-0.4892512
Rasmussen Reports/Pulse Opinion Research, 5/11/2014,3500,LV,38,40,-2,C+,-1.4892512,2.3,37.2553744,40.7446256,-3.4892512
Rasmussen Reports/Pulse Opinion Research, 5/5/2014,3500,LV,38,40,-2,C+,-1.4892512,2.3,37.2553744,40.7446256,-3.4892512
Quinnipiac University, 4/29/2014,1471,RV,37,41,-4,A-,0.06815029,3.7,37.03407515,40.96592486,-3.93184971
Rasmussen Reports/Pulse Opinion Research, 4/28/2014,3500,LV,40,39,1,C+,-1.4892512,2.3,39.2553744,39.7446256,-0.4892512
Rasmussen Reports/Pulse Opinion Research, 4/21/2014,3500,LV,39,41,-2,C+,-1.4892512,2.3,38.2553744,41.7446256,-3.4892512
Rasmussen Reports/Pulse Opinion Research, 4/14/2014,3500,LV,38,42,-4,C+,-1.4892512,2.3,37.2553744,42.7446256,-5.4892512
Rasmussen Reports/Pulse Opinion Research, 4/7/2014,3500,LV,38,41,-3,C+,-1.4892512,2.3,37.2553744,41.7446256,-4.4892512
Quinnipiac University, 4/1/2014,1711,RV,35,43,-8,A-,0.06815029,3.7,35.03407515,42.96592486,-7.93184971
Rasmussen Reports/Pulse Opinion Research, 3/31/2014,3500,LV,37,44,-7,C+,-1.4892512,2.3,36.2553744,44.7446256,-8.4892512
Rasmussen Reports/Pulse Opinion Research, 3/24/2014,3500,LV,38,43,-5,C+,-1.4892512,2.3,37.2553744,43.7446256,-6.4892512
Rasmussen Reports/Pulse Opinion Research, 3/17/2014,3500,LV,38,43,-5,C+,-1.4892512,2.3,37.2553744,43.7446256,-6.4892512
Rasmussen Reports/Pulse Opinion Research, 3/10/2014,3500,LV,40,43,-3,C+,-1.4892512,2.3,39.2553744,43.7446256,-4.4892512
Rasmussen Reports/Pulse Opinion Research, 3/3/2014,3500,LV,40,43,-3,C+,-1.4892512,2.3,39.2553744,43.7446256,-4.4892512
Rasmussen Reports/Pulse Opinion Research, 2/24/2014,3500,LV,38,43,-5,C+,-1.4892512,2.3,37.2553744,43.7446256,-6.4892512
Rasmussen Reports/Pulse Opinion Research, 2/17/2014,3500,LV,37,43,-6,C+,-1.4892512,2.3,36.2553744,43.7446256,-7.4892512
Rasmussen Reports/Pulse Opinion Research, 2/10/2014,3500,LV,39,42,-3,C+,-1.4892512,2.3,38.2553744,42.7446256,-4.4892512
Rasmussen Reports/Pulse Opinion Research, 2/3/2014,3000,LV,38,44,-6,C+,-1.4892512,2.3,37.2553744,44.7446256,-7.4892512
Rasmussen Reports/Pulse Opinion Research, 1/27/2014,3000,LV,37,45,-8,C+,-1.4892512,2.3,36.2553744,45.7446256,-9.4892512
Rasmussen Reports/Pulse Opinion Research, 1/20/2014,3000,LV,39,44,-5,C+,-1.4892512,2.3,38.2553744,44.7446256,-6.4892512
Rasmussen Reports/Pulse Opinion Research, 1/13/2014,3000,LV,37,43,-6,C+,-1.4892512,2.3,36.2553744,43.7446256,-7.4892512
Rasmussen Reports/Pulse Opinion Research, 1/6/2014,3000,LV,38,44,-6,C+,-1.4892512,2.3,37.2553744,44.7446256,-7.4892512
Rasmussen Reports/Pulse Opinion Research, 12/30/2014,3000,LV,35,46,-11,C+,-1.4892512,2.3,34.2553744,46.7446256,-12.4892512
Rasmussen Reports/Pulse Opinion Research, 12/22/2014,3500,LV,38,44,-6,C+,-1.4892512,2.3,37.2553744,44.7446256,-7.4892512
Rasmussen Reports/Pulse Opinion Research, 12/16/2014,3500,LV,38,46,-8,C+,-1.4892512,2.3,37.2553744,46.7446256,-9.4892512
Rasmussen Reports/Pulse Opinion Research, 12/9/2014,3500,LV,36,46,-10,C+,-1.4892512,2.3,35.2553744,46.7446256,-11.4892512
George Washington University (Battleground), 12/6/2014,1000,LV,42,45,-3,B,-0.97508197,3,41.51245902,45.48754099,-3.97508197
Rasmussen Reports/Pulse Opinion Research, 12/2/2014,3500,LV,36,47,-11,C+,-1.4892512,2.3,35.2553744,47.7446256,-12.4892512
Rasmussen Reports/Pulse Opinion Research, 11/25/2014,3500,LV,40,45,-5,C+,-1.4892512,2.3,39.2553744,45.7446256,-6.4892512
Rasmussen Reports/Pulse Opinion Research, 11/18/2014,3500,LV,40,45,-5,C+,-1.4892512,2.3,39.2553744,45.7446256,-6.4892512
Rasmussen Reports/Pulse Opinion Research, 11/11/2014,3500,LV,42,45,-3,C+,-1.4892512,2.3,41.2553744,45.7446256,-4.4892512
Bloomberg, 11/6/2016,799,LV,48,45,3,C,0,2,48,45,3
YouGov, 11/7/2016,3677,LV,42,45,-3,B,0.26403361,3,42.13201681,44.8679832,-2.73596639
Fox News/Anderson Robbins Research/Shaw & Co. Research, 11/6/2016,1295,LV,46,45,1,A,0.61413043,4,46.30706522,44.69293479,1.61413043
NBC News/Wall Street Journal, 11/5/2016,1282,LV,44,47,-3,A-,0.80923077,3.7,44.40461539,46.59538462,-2.19076923
Marist College, 11/3/2016,940,LV,47,48,-1,A,-0.45775194,4,46.77112403,48.22887597,-1.45775194
YouGov, 11/1/2016,1228,LV,41,46,-5,B,0.26403361,3,41.13201681,45.8679832,-4.73596639
Ipsos, 11/2/2016,1858,LV,41,42,-1,B+,0.5955,3.3,41.29775,41.70225,-0.4045
CBS News/New York Times, 11/1/2016,1333,RV,46,49,-3,A-,0.43547945,3.7,46.21773973,48.78226028,-2.56452055
YouGov, 10/26/2016,1209,LV,40,45,-5,B,0.26403361,3,40.13201681,44.8679832,-4.73596639
Fox News/Anderson Robbins Research/Shaw & Co. Research, 10/25/2016,1221,LV,45,47,-2,A,0.61413043,4,45.30706522,46.69293479,-1.38586957
ABC News/Washington Post, 10/24/2016,828,LV,46,47,-1,A+,0.61341176,4,46.30670588,46.69329412,-0.38658824
GfK Group, 10/24/2016,1212,LV,41,46,-5,B,0.25490196,3,41.12745098,45.87254902,-4.74509804
CNN/Opinion Research Corp., 10/23/2016,779,LV,47,50,-3,B+,0.0607,3.3,47.03035,49.96965,-2.9393
Ipsos, 10/24/2016,1170,LV,39,44,-5,B+,0.5955,3.3,39.29775,43.70225,-4.4045
YouGov, 10/18/2016,925,RV,38,43,-5,B,0.26403361,3,38.13201681,42.8679832,-4.73596639
Bloomberg, 10/17/2016,1006,LV,43,47,-4,C,0,2,43,47,-4
Ipsos, 10/17/2016,1190,LV,39,43,-4,B+,0.5955,3.3,39.29775,42.70225,-3.4045
CBS News/New York Times, 10/16/2016,1189,LV,45,50,-5,A-,0.43547945,3.7,45.21773973,49.78226028,-4.56452055
NBC News/Wall Street Journal, 10/13/2016,905,LV,44,47,-3,A-,0.80923077,3.7,44.40461539,46.59538462,-2.19076923
ABC News/Washington Post, 10/13/2016,740,LV,44,47,-3,A+,0.61341176,4,44.30670588,46.69329412,-2.38658824
Fox News/Anderson Robbins Research/Shaw & Co. Research, 10/12/2016,917,LV,42,48,-6,A,0.61413043,4,42.30706522,47.69293479,-5.38586957
George Washington University (Battleground), 10/13/2016,1000,LV,42,47,-5,B,-0.97508197,3,41.51245902,47.48754099,-5.97508197
NBC News/Wall Street Journal, 10/10/2016,900,RV,42,48,-6,A-,0.80923077,3.7,42.40461539,47.59538462,-5.19076923
Ipsos, 10/10/2016,2363,A,36,46,-10,B+,0.5955,3.3,36.29775,45.70225,-9.4045
NBC News/Wall Street Journal, 10/9/2016,500,RV,42,49,-7,A-,0.80923077,3.7,42.40461539,48.59538462,-6.19076923
YouGov, 10/8/2016,971,RV,39,42,-3,B,0.26403361,3,39.13201681,41.8679832,-2.73596639
YouGov, 10/3/2016,911,RV,37,43,-6,B,0.26403361,3,37.13201681,42.8679832,-5.73596639
Ipsos, 10/3/2016,1669,RV,38,42,-4,B+,0.5955,3.3,38.29775,41.70225,-3.4045
Fox News/Anderson Robbins Research/Shaw & Co. Research, 9/29/2016,911,LV,43,44,-1,A,0.61413043,4,43.30706522,43.69293479,-0.38586957
Ipsos, 9/26/2016,1041,LV,36,42,-6,B+,0.5955,3.3,36.29775,41.70225,-5.4045
Bloomberg, 9/24/2016,1002,LV,44,46,-2,C,0,2,44,46,-2
YouGov, 9/24/2016,948,RV,38,43,-5,B,0.26403361,3,38.13201681,42.8679832,-4.73596639
NBC News/Wall Street Journal, 9/19/2016,1000,RV,45,48,-3,A-,0.80923077,3.7,45.40461539,47.59538462,-2.19076923
Marist College, 9/20/2016,758,LV,45,49,-4,A,-0.45775194,4,44.77112403,49.22887597,-4.45775194
YouGov, 9/19/2016,936,RV,36,43,-7,B,0.26403361,3,36.13201681,42.8679832,-6.73596639
Ipsos, 9/19/2016,1111,LV,40,39,1,B+,0.5955,3.3,40.29775,38.70225,1.5955
YouGov, 9/13/2016,926,RV,38,44,-6,B,0.26403361,3,38.13201681,43.8679832,-5.73596639
Ipsos, 9/12/2016,1752,A,38,40,-2,B+,0.5955,3.3,38.29775,39.70225,-1.4045
YouGov, 9/6/2016,955,RV,38,41,-3,B,0.26403361,3,38.13201681,40.8679832,-2.73596639
Ipsos, 9/5/2016,1084,LV,39,40,-1,B+,0.5955,3.3,39.29775,39.70225,-0.4045
CNN/Opinion Research Corp., 9/4/2016,786,LV,49,47,2,B+,0.0607,3.3,49.03035,46.96965,2.0607
George Washington University (Battleground), 9/1/2016,1000,LV,43,45,-2,B,-0.97508197,3,42.51245902,45.48754099,-2.97508197
Marist College, 8/3/2016,983,RV,41,49,-8,A,-0.45775194,4,40.77112403,49.22887597,-8.45775194
NBC News/Wall Street Journal, 8/3/2016,800,RV,43,47,-4,A-,0.80923077,3.7,43.40461539,46.59538462,-3.19076923
Fox News/Anderson Robbins Research/Shaw & Co. Research, 6/28/2016,1017,RV,41,46,-5,A,0.61413043,4,41.30706522,45.69293479,-4.38586957
NBC News/Wall Street Journal, 6/23/2016,1000,RV,46,46,0,A-,0.80923077,3.7,46.40461539,45.59538462,0.80923077
NBC News/Wall Street Journal, 5/19/2016,1000,RV,44,48,-4,A-,0.80923077,3.7,44.40461539,47.59538462,-3.19076923
ABC News/Washington Post, 5/19/2016,829,RV,45,45,0,A+,0.61341176,4,45.30670588,44.69329412,0.61341176
George Washington University (Battleground), 4/20/2016,1000,LV,41,46,-5,B,-0.97508197,3,40.51245902,46.48754099,-5.97508197
NBC News/Wall Street Journal, 4/14/2016,1000,RV,45,47,-2,A-,0.80923077,3.7,45.40461539,46.59538462,-1.19076923
NBC News/Wall Street Journal, 10/29/2016,847,RV,45,45,0,A-,0.80923077,3.7,45.40461539,44.59538462,0.80923077
Quinnipiac University, 7/28/2016,1644,RV,39,37,2,A-,0.06815029,3.7,39.03407515,36.96592486,2.06815029
Quinnipiac University, 5/26/2016,1711,RV,36,39,-3,A-,0.06815029,3.7,36.03407515,38.96592486,-2.93184971
Rasmussen Reports/Pulse Opinion Research, 5/14/2016,2500,LV,38,38,0,C+,-1.4892512,2.3,37.2553744,38.7446256,-1.4892512
Fox News/Anderson Robbins Research/Shaw & Co. Research, 9/19/2018,818,LV,42,49,-7,A,0.61413043,4,42.30706522,48.69293479,-6.38586957
NBC News/Wall Street Journal, 9/19/2018,594,LV,43,51,-8,A-,0.80923077,3.7,43.40461539,50.59538462,-7.19076923
YouGov, 9/18/2018,1195,RV,41,45,-4,B,0.26403361,3,41.13201681,44.8679832,-3.73596639
Ipsos, 9/18/2018,1304,LV,41,48,-7,B+,0.5955,3.3,41.29775,47.70225,-6.4045
Rasmussen Reports/Pulse Opinion Research, 9/13/2018,2500,LV,42,47,-5,C+,-1.4892512,2.3,41.2553744,47.7446256,-6.4892512
YouGov, 9/11/2018,1220,RV,41,44,-3,B,0.26403361,3,41.13201681,43.8679832,-2.73596639
Ipsos, 9/11/2018,1226,LV,41,49,-8,B+,0.5955,3.3,41.29775,48.70225,-7.4045
Quinnipiac University, 9/9/2018,1038,RV,38,52,-14,A-,0.06815029,3.7,38.03407515,51.96592486,-13.93184971
CNN/Opinion Research Corp., 9/9/2018,775,LV,42,52,-10,B+,0.0607,3.3,42.03035,51.96965,-9.9393
Marist College, 9/9/2018,777,RV,38,50,-12,A,-0.45775194,4,37.77112403,50.22887597,-12.45775194
Rasmussen Reports/Pulse Opinion Research, 9/6/2018,2500,LV,42,46,-4,C+,-1.4892512,2.3,41.2553744,46.7446256,-5.4892512
YouGov, 9/4/2018,1254,RV,40,45,-5,B,0.26403361,3,40.13201681,44.8679832,-4.73596639
Ipsos, 9/4/2018,2012,RV,35,44,-9,B+,0.5955,3.3,35.29775,43.70225,-8.4045
Selzer & Co., 9/2/2018,779,LV,43,45,-2,A+,-0.00366667,4,42.99816667,45.00183334,-2.00366667
Emerson College, 8/31/2018,1000,RV,39,52,-13,B+,0.10647727,3.3,39.05323864,51.94676137,-12.89352273
Rasmussen Reports/Pulse Opinion Research, 8/30/2018,2500,LV,42,46,-4,C+,-1.4892512,2.3,41.2553744,46.7446256,-5.4892512
ABC News/Washington Post, 8/29/2018,879,RV,38,52,-14,A+,0.61341176,4,38.30670588,51.69329412,-13.38658824
YouGov, 8/28/2018,1249,RV,39,45,-6,B,0.26403361,3,39.13201681,44.8679832,-5.73596639
Suffolk University, 8/28/2018,1000,RV,39,50,-11,B+,0.59554054,3.3,39.29777027,49.70222973,-10.40445946
IBD/TIPP, 8/30/2018,857,RV,39,50,-11,A-,-0.78254902,3.7,38.60872549,50.39127451,-11.78254902
Ipsos, 8/28/2018,2920,RV,34,47,-13,B+,0.5955,3.3,34.29775,46.70225,-12.4045
Harris Interactive, 8/23/2018,1330,RV,37,45,-8,C+,-1.5215758,2.3,36.2392121,45.7607879,-9.5215758
Rasmussen Reports/Pulse Opinion Research, 8/23/2018,2500,LV,41,46,-5,C+,-1.4892512,2.3,40.2553744,46.7446256,-6.4892512
NBC News/Wall Street Journal, 8/22/2018,900,RV,42,50,-8,A-,0.80923077,3.7,42.40461539,49.59538462,-7.19076923
YouGov, 8/21/2018,1247,RV,38,44,-6,B,0.26403361,3,38.13201681,43.8679832,-5.73596639
Fox News/Anderson Robbins Research/Shaw & Co. Research, 8/21/2018,1009,RV,38,49,-11,A,0.61413043,4,38.30706522,48.69293479,-10.38586957
Ipsos, 8/21/2018,1885,RV,37,41,-4,B+,0.5955,3.3,37.29775,40.70225,-3.4045
Monmouth University, 8/19/2018,725,RV,43,48,-5,A+,1.4258947,4,43.71294735,47.28705265,-3.5741053
Rasmussen Reports/Pulse Opinion Research, 8/16/2018,2500,LV,44,44,0,C+,-1.4892512,2.3,43.2553744,44.7446256,-1.4892512
YouGov, 8/14/2018,1250,RV,40,44,-4,B,0.26403361,3,40.13201681,43.8679832,-3.73596639
Ipsos, 8/14/2018,1860,RV,36,45,-9,B+,0.5955,3.3,36.29775,44.70225,-8.4045
Quinnipiac University, 8/13/2018,1175,RV,42,51,-9,A-,0.06815029,3.7,42.03407515,50.96592486,-8.93184971
CNN/Opinion Research Corp., 8/12/2018,921,RV,41,52,-11,B+,0.0607,3.3,41.03035,51.96965,-10.9393
Pew Research Center, 8/12/2018,3986,RV,39,46,-7,B-,0.62980392,2.7,39.31490196,45.68509804,-6.37019608
Rasmussen Reports/Pulse Opinion Research, 8/9/2018,2500,LV,41,48,-7,C+,-1.4892512,2.3,40.2553744,48.7446256,-8.4892512
YouGov, 8/7/2018,1289,RV,41,44,-3,B,0.26403361,3,41.13201681,43.8679832,-2.73596639
Ipsos, 8/7/2018,1479,RV,39,41,-2,B+,0.5955,3.3,39.29775,40.70225,-1.4045
Rasmussen Reports/Pulse Opinion Research, 8/2/2018,2500,LV,41,45,-4,C+,-1.4892512,2.3,40.2553744,45.7446256,-5.4892512
IBD/TIPP, 8/2/2018,878,RV,45,45,0,A-,-0.78254902,3.7,44.60872549,45.39127451,-0.78254902
YouGov, 7/31/2018,1222,RV,40,44,-4,B,0.26403361,3,40.13201681,43.8679832,-3.73596639
Ipsos, 7/31/2018,1571,RV,36,42,-6,B+,0.5955,3.3,36.29775,41.70225,-5.4045
Rasmussen Reports/Pulse Opinion Research, 7/26/2018,2500,LV,40,46,-6,C+,-1.4892512,2.3,39.2553744,46.7446256,-7.4892512
Harris Interactive, 7/25/2018,1323,RV,36,43,-7,C+,-1.5215758,2.3,35.2392121,43.7607879,-8.5215758
YouGov, 7/24/2018,1203,RV,38,44,-6,B,0.26403361,3,38.13201681,43.8679832,-5.73596639
Ipsos, 7/24/2018,1165,RV,37,42,-5,B+,0.5955,3.3,37.29775,41.70225,-4.4045
Marist College, 7/22/2018,923,RV,40,47,-7,A,-0.45775194,4,39.77112403,47.22887597,-7.45775194
Quinnipiac University, 7/23/2018,1177,RV,39,51,-12,A-,0.06815029,3.7,39.03407515,50.96592486,-11.93184971
Rasmussen Reports/Pulse Opinion Research, 7/19/2018,2500,LV,40,47,-7,C+,-1.4892512,2.3,39.2553744,47.7446256,-8.4892512
NBC News/Wall Street Journal, 7/18/2018,900,RV,43,49,-6,A-,0.80923077,3.7,43.40461539,48.59538462,-5.19076923
YouGov, 7/17/2018,1272,RV,37,45,-8,B,0.26403361,3,37.13201681,44.8679832,-7.73596639
Rasmussen Reports/Pulse Opinion Research, 7/12/2018,2500,LV,41,46,-5,C+,-1.4892512,2.3,40.2553744,46.7446256,-6.4892512
Ipsos, 7/17/2018,2357,RV,35,44,-9,B+,0.5955,3.3,35.29775,43.70225,-8.4045
Fox News/Anderson Robbins Research/Shaw & Co. Research, 7/11/2018,1007,RV,40,48,-8,A,0.61413043,4,40.30706522,47.69293479,-7.38586957
YouGov, 7/10/2018,1246,RV,38,42,-4,B,0.26403361,3,38.13201681,41.8679832,-3.73596639
Ipsos, 7/10/2018,1295,RV,34,47,-13,B+,0.5955,3.3,34.29775,46.70225,-12.4045
Emerson College, 7/7/2018,900,RV,42,49,-7,B+,0.10647727,3.3,42.05323864,48.94676137,-6.89352273
Rasmussen Reports/Pulse Opinion Research, 7/5/2018,2500,LV,40,48,-8,C+,-1.4892512,2.3,39.2553744,48.7446256,-9.4892512
YouGov, 7/3/2018,1263,RV,38,42,-4,B,0.26403361,3,38.13201681,41.8679832,-3.73596639
Rasmussen Reports/Pulse Opinion Research, 6/28/2018,2500,LV,40,46,-6,C+,-1.4892512,2.3,39.2553744,46.7446256,-7.4892512
Ipsos, 7/2/2018,2252,RV,34,44,-10,B+,0.5955,3.3,34.29775,43.70225,-9.4045
Quinnipiac University, 7/1/2018,1020,RV,41,50,-9,A-,0.06815029,3.7,41.03407515,49.96592486,-8.93184971
Harris Interactive, 6/25/2018,1448,RV,36,45,-9,C+,-1.5215758,2.3,35.2392121,45.7607879,-10.5215758
IBD/TIPP, 6/29/2018,900,A,40,48,-8,A-,-0.78254902,3.7,39.60872549,48.39127451,-8.78254902
YouGov, 6/26/2018,1278,RV,38,43,-5,B,0.26403361,3,38.13201681,42.8679832,-4.73596639
Ipsos, 6/26/2018,1199,RV,38,41,-3,B+,0.5955,3.3,38.29775,40.70225,-2.4045
Rasmussen Reports/Pulse Opinion Research, 6/21/2018,2500,LV,41,45,-4,C+,-1.4892512,2.3,40.2553744,45.7446256,-5.4892512
YouGov, 6/19/2018,1272,RV,37,44,-7,B,0.26403361,3,37.13201681,43.8679832,-6.73596639
Ipsos, 6/19/2018,1604,RV,36,42,-6,B+,0.5955,3.3,36.29775,41.70225,-5.4045
Suffolk University, 6/18/2018,1000,RV,39,45,-6,B+,0.59554054,3.3,39.29777027,44.70222973,-5.40445946
Quinnipiac University, 6/17/2018,905,RV,43,49,-6,A-,0.06815029,3.7,43.03407515,48.96592486,-5.93184971
CNN/Opinion Research Corp., 6/17/2018,901,RV,42,50,-8,B+,0.0607,3.3,42.03035,49.96965,-7.9393
Gallup, 6/17/2018,1346,RV,43,48,-5,B,-0.90473684,3,42.54763158,48.45236842,-5.90473684
Monmouth University, 6/13/2018,711,RV,41,48,-7,A+,1.4258947,4,41.71294735,47.28705265,-5.5741053
Rasmussen Reports/Pulse Opinion Research, 6/14/2018,2500,LV,41,45,-4,C+,-1.4892512,2.3,40.2553744,45.7446256,-5.4892512
YouGov, 6/12/2018,1308,RV,37,43,-6,B,0.26403361,3,37.13201681,42.8679832,-5.73596639
Ipsos, 6/12/2018,2018,RV,35,45,-10,B+,0.5955,3.3,35.29775,44.70225,-9.4045
Pew Research Center, 6/12/2018,1608,RV,43,48,-5,B-,0.62980392,2.7,43.31490196,47.68509804,-4.37019608
Rasmussen Reports/Pulse Opinion Research, 6/7/2018,2500,LV,40,44,-4,C+,-1.4892512,2.3,39.2553744,44.7446256,-5.4892512
Fox News/Anderson Robbins Research/Shaw & Co. Research, 6/6/2018,1001,RV,39,48,-9,A,0.61413043,4,39.30706522,47.69293479,-8.38586957
YouGov, 6/5/2018,1292,RV,38,44,-6,B,0.26403361,3,38.13201681,43.8679832,-5.73596639
Ipsos, 6/5/2018,1265,RV,32,43,-11,B+,0.5955,3.3,32.29775,42.70225,-10.4045
NBC News/Wall Street Journal, 6/4/2018,900,RV,40,50,-10,A-,0.80923077,3.7,40.40461539,49.59538462,-9.19076923
Quinnipiac University, 6/5/2018,1223,RV,40,47,-7,A-,0.06815029,3.7,40.03407515,46.96592486,-6.93184971
IBD/TIPP, 6/5/2018,905,A,40,47,-7,A-,-0.78254902,3.7,39.60872549,47.39127451,-7.78254902
Rasmussen Reports/Pulse Opinion Research, 5/31/2018,2500,LV,41,45,-4,C+,-1.4892512,2.3,40.2553744,45.7446256,-5.4892512
YouGov, 5/29/2018,1279,RV,39,42,-3,B,0.26403361,3,39.13201681,41.8679832,-2.73596639
Ipsos, 5/29/2018,1931,RV,37,39,-2,B+,0.5955,3.3,37.29775,38.70225,-1.4045
Rasmussen Reports/Pulse Opinion Research, 5/25/2018,2500,LV,42,43,-1,C+,-1.4892512,2.3,41.2553744,43.7446256,-2.4892512
Harris Interactive, 5/22/2018,1347,RV,37,44,-7,C+,-1.5215758,2.3,36.2392121,44.7607879,-8.5215758
YouGov, 5/22/2018,1263,RV,38,43,-5,B,0.26403361,3,38.13201681,42.8679832,-4.73596639
Ipsos, 5/22/2018,1080,RV,37,40,-3,B+,0.5955,3.3,37.29775,39.70225,-2.4045
Rasmussen Reports/Pulse Opinion Research, 5/17/2018,2500,LV,42,43,-1,C+,-1.4892512,2.3,41.2553744,43.7446256,-2.4892512
YouGov, 5/15/2018,1231,RV,37,42,-5,B,0.26403361,3,37.13201681,41.8679832,-4.73596639
Ipsos, 5/15/2018,1290,RV,37,38,-1,B+,0.5955,3.3,37.29775,37.70225,-0.4045
Rasmussen Reports/Pulse Opinion Research, 5/10/2018,2500,LV,40,46,-6,C+,-1.4892512,2.3,39.2553744,46.7446256,-7.4892512
CNN/Opinion Research Corp., 5/5/2018,901,RV,44,47,-3,B+,0.0607,3.3,44.03035,46.96965,-2.9393
YouGov, 5/8/2018,1232,RV,35,44,-9,B,0.26403361,3,35.13201681,43.8679832,-8.73596639
Ipsos, 5/8/2018,1171,RV,38,39,-1,B+,0.5955,3.3,38.29775,38.70225,-0.4045
YouGov, 5/1/2018,1273,RV,39,42,-3,B,0.26403361,3,39.13201681,41.8679832,-2.73596639
Ipsos, 5/1/2018,1337,RV,37,43,-6,B+,0.5955,3.3,37.29775,42.70225,-5.4045
Pew Research Center, 5/1/2018,1221,RV,43,48,-5,B-,0.62980392,2.7,43.31490196,47.68509804,-4.37019608
Monmouth University, 4/30/2018,681,RV,41,49,-8,A+,1.4258947,4,41.71294735,48.28705265,-6.5741053
Harris Interactive, 4/24/2018,1549,RV,34,43,-9,C+,-1.5215758,2.3,33.2392121,43.7607879,-10.5215758
YouGov, 4/24/2018,1270,RV,38,43,-5,B,0.26403361,3,38.13201681,42.8679832,-4.73596639
Quinnipiac University, 4/24/2018,1193,RV,40,48,-8,A-,0.06815029,3.7,40.03407515,47.96592486,-7.93184971
Ipsos, 4/24/2018,1248,RV,34,45,-11,B+,0.5955,3.3,34.29775,44.70225,-10.4045
YouGov, 4/17/2018,1274,RV,38,43,-5,B,0.26403361,3,38.13201681,42.8679832,-4.73596639
Marist College, 4/13/2018,827,RV,39,44,-5,A,-0.45775194,4,38.77112403,44.22887597,-5.45775194
Ipsos, 4/17/2018,1238,RV,34,44,-10,B+,0.5955,3.3,34.29775,43.70225,-9.4045
ABC News/Washington Post, 4/11/2018,865,RV,43,47,-4,A+,0.61341176,4,43.30670588,46.69329412,-3.38658824
NBC News/Wall Street Journal, 4/11/2018,900,A,40,47,-7,A-,0.80923077,3.7,40.40461539,46.59538462,-6.19076923
YouGov, 4/10/2018,1292,RV,36,44,-8,B,0.26403361,3,36.13201681,43.8679832,-7.73596639
Rasmussen Reports/Pulse Opinion Research, 4/9/2018,1000,LV,40,45,-5,C+,-1.4892512,2.3,39.2553744,45.7446256,-6.4892512
Quinnipiac University, 4/9/2018,1181,RV,43,46,-3,A-,0.06815029,3.7,43.03407515,45.96592486,-2.93184971
Ipsos, 4/10/2018,1219,RV,34,44,-10,B+,0.5955,3.3,34.29775,43.70225,-9.4045
YouGov, 4/3/2018,1246,RV,36,43,-7,B,0.26403361,3,36.13201681,42.8679832,-6.73596639
Ipsos, 4/3/2018,1519,RV,34,43,-9,B+,0.5955,3.3,34.29775,42.70225,-8.4045
Harris Interactive, 3/29/2018,1340,RV,34,45,-11,C+,-1.5215758,2.3,33.2392121,45.7607879,-12.5215758
Ipsos, 3/27/2018,1392,RV,35,42,-7,B+,0.5955,3.3,35.29775,41.70225,-6.4045
YouGov, 3/27/2018,1330,RV,35,42,-7,B,0.26403361,3,35.13201681,41.8679832,-6.73596639
CNN/Opinion Research Corp., 3/25/2018,913,RV,44,50,-6,B+,0.0607,3.3,44.03035,49.96965,-5.9393
Marist College, 3/21/2018,1015,RV,39,44,-5,A,-0.45775194,4,38.77112403,44.22887597,-5.45775194
Fox News/Anderson Robbins Research/Shaw & Co. Research, 3/21/2018,1014,RV,41,46,-5,A,0.61413043,4,41.30706522,45.69293479,-4.38586957
YouGov, 3/20/2018,1284,RV,38,44,-6,B,0.26403361,3,38.13201681,43.8679832,-5.73596639
Quinnipiac University, 3/20/2018,1291,RV,43,49,-6,A-,0.06815029,3.7,43.03407515,48.96592486,-5.93184971
Ipsos, 3/20/2018,1337,RV,37,40,-3,B+,0.5955,3.3,37.29775,39.70225,-2.4045
NBC News/Wall Street Journal, 3/14/2018,930,RV,40,50,-10,A-,0.80923077,3.7,40.40461539,49.59538462,-9.19076923
YouGov, 3/13/2018,1291,RV,38,43,-5,B,0.26403361,3,38.13201681,42.8679832,-4.73596639
Ipsos, 3/13/2018,1411,A,30,38,-8,B+,0.5955,3.3,30.29775,37.70225,-7.4045
George Washington University (Battleground), 3/8/2018,1000,RV,40,49,-9,B,-0.97508197,3,39.51245902,49.48754099,-9.97508197
YouGov, 3/6/2018,1310,RV,37,43,-6,B,0.26403361,3,37.13201681,42.8679832,-5.73596639
Ipsos, 3/6/2018,2927,A,31,38,-7,B+,0.5955,3.3,31.29775,37.70225,-6.4045
Quinnipiac University, 3/5/2018,1122,RV,38,48,-10,A-,0.06815029,3.7,38.03407515,47.96592486,-9.93184971
Monmouth University, 3/5/2018,708,RV,41,50,-9,A+,1.4258947,4,41.71294735,49.28705265,-7.5741053
Rasmussen Reports/Pulse Opinion Research, 3/4/2018,1000,LV,40,46,-6,C+,-1.4892512,2.3,39.2553744,46.7446256,-7.4892512
YouGov, 2/27/2018,1296,RV,38,40,-2,B,0.26403361,3,38.13201681,39.8679832,-1.73596639
Ipsos, 2/27/2018,1651,A,31,37,-6,B+,0.5955,3.3,31.29775,36.70225,-5.4045
Suffolk University, 2/24/2018,1000,RV,32,47,-15,B+,0.59554054,3.3,32.29777027,46.70222973,-14.40445946
CNN/Opinion Research Corp., 2/23/2018,909,RV,38,54,-16,B+,0.0607,3.3,38.03035,53.96965,-15.9393
Marist College, 2/21/2018,819,RV,39,46,-7,A,-0.45775194,4,38.77112403,46.22887597,-7.45775194
YouGov, 2/20/2018,1308,RV,35,43,-8,B,0.26403361,3,35.13201681,42.8679832,-7.73596639
Ipsos, 2/20/2018,1104,A,30,38,-8,B+,0.5955,3.3,30.29775,37.70225,-7.4045
Harris Interactive, 2/19/2018,1934,RV,36,41,-5,C+,-1.5215758,2.3,35.2392121,41.7607879,-6.5215758
Quinnipiac University, 2/19/2018,1249,RV,38,53,-15,A-,0.06815029,3.7,38.03407515,52.96592486,-14.93184971
YouGov, 2/13/2018,1280,RV,38,42,-4,B,0.26403361,3,38.13201681,41.8679832,-3.73596639
Ipsos, 2/13/2018,1515,A,30,39,-9,B+,0.5955,3.3,30.29775,38.70225,-8.4045
Marist College, 2/7/2018,807,RV,38,49,-11,A,-0.45775194,4,37.77112403,49.22887597,-11.45775194
YouGov, 2/6/2018,1320,RV,37,43,-6,B,0.26403361,3,37.13201681,42.8679832,-5.73596639
Ipsos, 2/6/2018,3110,A,31,38,-7,B+,0.5955,3.3,31.29775,37.70225,-6.4045
Quinnipiac University, 2/5/2018,1333,RV,40,49,-9,A-,0.06815029,3.7,40.03407515,48.96592486,-8.93184971
IBD/TIPP, 2/2/2018,832,RV,41,46,-5,A-,-0.78254902,3.7,40.60872549,46.39127451,-5.78254902
Monmouth University, 1/30/2018,711,RV,45,47,-2,A+,1.4258947,4,45.71294735,46.28705265,-0.5741053
YouGov, 1/30/2018,1264,RV,37,42,-5,B,0.26403361,3,37.13201681,41.8679832,-4.73596639
Ipsos, 1/30/2018,1856,A,31,37,-6,B+,0.5955,3.3,31.29775,36.70225,-5.4045
Rasmussen Reports/Pulse Opinion Research, 1/25/2018,1000,LV,37,45,-8,C+,-1.4892512,2.3,36.2553744,45.7446256,-9.4892512
Fox News/Anderson Robbins Research/Shaw & Co. Research, 1/23/2018,1002,RV,38,44,-6,A,0.61413043,4,38.30706522,43.69293479,-5.38586957
YouGov, 1/23/2018,1301,RV,37,41,-4,B,0.26403361,3,37.13201681,40.8679832,-3.73596639
Quinnipiac University, 1/23/2018,1245,RV,38,51,-13,A-,0.06815029,3.7,38.03407515,50.96592486,-12.93184971
Ipsos, 1/23/2018,2981,A,30,38,-8,B+,0.5955,3.3,30.29775,37.70225,-7.4045
ABC News/Washington Post, 1/18/2018,846,RV,39,51,-12,A+,0.61341176,4,39.30670588,50.69329412,-11.38658824
NBC News/Wall Street Journal, 1/17/2018,765,RV,43,49,-6,A-,0.80923077,3.7,43.40461539,48.59538462,-5.19076923
YouGov, 1/16/2018,1311,RV,36,42,-6,B,0.26403361,3,36.13201681,41.8679832,-5.73596639
Ipsos, 1/16/2018,1638,A,32,37,-5,B+,0.5955,3.3,32.29775,36.70225,-4.4045
Quinnipiac University, 1/16/2018,1212,RV,39,50,-11,A-,0.06815029,3.7,39.03407515,49.96592486,-10.93184971
Pew Research Center, 1/15/2018,1215,RV,39,53,-14,B-,0.62980392,2.7,39.31490196,52.68509804,-13.37019608
Marist College, 1/10/2018,1092,RV,40,46,-6,A,-0.45775194,4,39.77112403,46.22887597,-6.45775194
Emerson College, 1/11/2018,600,RV,40,45,-5,B+,0.10647727,3.3,40.05323864,44.94676137,-4.89352273
YouGov, 1/9/2018,1327,RV,37,44,-7,B,0.26403361,3,37.13201681,43.8679832,-6.73596639
Quinnipiac University, 1/9/2018,1106,RV,35,52,-17,A-,0.06815029,3.7,35.03407515,51.96592486,-16.93184971
Ipsos, 1/9/2018,1616,A,31,40,-9,B+,0.5955,3.3,31.29775,39.70225,-8.4045
YouGov, 1/2/2018,1277,RV,36,42,-6,B,0.26403361,3,36.13201681,41.8679832,-5.73596639
Ipsos, 1/2/2018,1770,A,31,38,-7,B+,0.5955,3.3,31.29775,37.70225,-6.4045
Rasmussen Reports/Pulse Opinion Research,9/25/2018,2500,LV,43,46,-3,C+,-1.4892512,2.3,42.2553744,46.7446256,-4.4892512
Ipsos,9/25/2018,1425,LV,41,48,-7,B+,0.5955,3.3,41.29775,47.70225,-6.4045
Marist College,9/24/2018,802,RV,41,48,-7,A,-0.45775194,4,40.77112403,48.22887597,-7.45775194
YouGov,9/25/2018,1238,RV,38,46,-8,B,0.26403361,3,38.13201681,45.8679832,-7.73596639
Gallup,9/23/2018,1308,RV,42,51,-7,B,-0.90473684,3,41.54763158,51.45236842,-9.90473684
Harris Interactive,9/28/2018,3338,LV,40,48,-6,C+,-1.5215758,2.3,39.2392121,48.7607879,-9.5215758
McLaughlin & Associates,9/24/2018,1000,LV,42,46,-5,C-,-0.43634615,1.7,41.78182693,46.21817308,-4.43634615
Change Research,9/28/2018,741,LV,40,48,-4,C+,-0.79054054,2.3,39.60472973,48.39527027,-8.79054054
Civiqs,9/30/2018,2139,A,43,48,-3,C,0,2,43,48,-5
Morning Consult,9/29/2018,993,RV,36,43,-2,B-,0.57263158,2.7,36.28631579,42.71368421,-6.42736842
Quinnipiac University,9/30/2018,1111,RV,42,49,-1,A-,0.06815029,3.7,42.03407515,48.96592486,-6.93184971
Ipsos,10/1/2018,2144,LV,38,50,0,B+,0.5955,3.3,38.29775,49.70225,-11.4045
YouGov,10/2/2018,1223,RV,40,45,1,B,0.26403361,3,40.13201681,44.8679832,-4.73596639
Marist College,10/1/2018,996,RV,42,48,2,A,-0.45775194,4,41.77112403,48.22887597,-6.45775194
Rasmussen Reports/Pulse Opinion Research,9/27/2018,2500,LV,42,47,3,C+,-1.4892512,2.3,41.2553744,47.7446256,-6.4892512
Harris Interactive,9/14/2018,3207,LV,41,48,4,C+,-1.5215758,2.3,40.2392121,48.7607879,-8.5215758
IBD/TIPP,10/3/2018,846,RV,43,45,5,A-,-0.78254902,3.7,42.60872549,45.39127451,-2.78254902
Harris Interactive,9/7/2018,1976,LV,39,49,6,C+,-1.5215758,2.3,38.2392121,49.7607879,-11.5215758
Emerson College,10/4/2018,1000,RV,42,50,7,B+,0.10647727,3.3,42.05323864,49.94676137,-7.89352273
Harris Interactive,10/5/2018,4549,LV,41,49,8,C+,-1.5215758,2.3,40.2392121,49.7607879,-9.5215758
Ipsos,10/8/2018,2022,LV,38,50,9,B+,0.5955,3.3,38.29775,49.70225,-11.4045
SSRS,10/7/2018,739,LV,41,54,10,A-,-0.07142857,3.7,40.96428572,54.03571429,-13.07142857
YouGov,10/9/2018,1156,RV,41,47,11,B,0.26,3,41.13,46.87,-5.74
Morning Consult,10/7/2018,2189,RV,38,48,12,B-,0.57,2.7,38.29,47.71,-9.43
Harris Interactive,10/7/2018,1000,RV,37,43,13,C+,-1.52,2.3,36.24,43.76,-7.52
Rasmussen Reports/Pulse Opinion Research,10/4/2018,2500,LV,45,45,14,C+,-1.49,2.3,44.26,45.74,-1.49
Ipsos,10/9/2018,2012,LV,38,50,15,B+,0.6,3.3,38.3,49.7,-11.4
Greenberg Quinlan Rosner,9/23/2018,700,LV,42,51,16,C,0,2,42,51,-9
Harris Interactive,10/12/2018,3339,LV,40,49,17,C+,-1.52,2.3,39.24,49.76,-10.52
ABC News/Washington Post,10/11/2018,752,LV,42,55,18,A+,0.61,4,42.31,54.69,-12.39
Pew Research Center,10/7/2018,8904,RV,38,47,19,B-,0.63,2.7,38.31,46.69,-8.37
Public Opinion Strategies,10/7/2018,800,A,36,42,20,A-,-1.47,3.7,35.27,42.73,-7.47
YouGov,10/16/2018,1273,RV,41,46,21,B,0.26,3,41.13,45.87,-4.74
Ipsos,10/15/2018,1194,LV,40,50,22,B+,0.6,3.3,40.3,49.7,-9.4
Morning Consult,10/14/2018,1959,RV,37,44,23,B-,0.57,2.7,37.29,43.71,-6.43
Rasmussen Reports/Pulse Opinion Research,10/11/2018,2500,LV,44,45,24,C+,-1.49,2.3,43.26,45.74,-2.49
CBS News/New York Times,10/17/2018,975,RV,42,51,26,A-,0.44,3.7,42.22,50.78,-8.56
Harris Interactive,10/19/2018,3360,LV,41,49,27,C+,-1.52,2.3,40.24,49.76,-9.52
NBC News/Wall Street Journal,10/17/2018,645,LV,41,50,28,A-,0.81,3.7,41.40,49.60,-8.19
Ipsos,10/22/2018,2112,LV,43,48,29,B+,0.60,3.3,43.30,47.70,-4.40
Harris Interactive,10/20/2018,1000,RV,38,44,30,C+,-1.52,2.3,37.24,44.76,-7.52
Morning Consult,10/19/2018,1968,RV,39,45,31,B-,-2.00,2.7,38.00,46.00,-8.00
Rasmussen Reports/Pulse Opinion Research,10/18/2018,2500,LV,44,47,32,C+,-1.49,2.3,43.26,47.74,-4.49
Suffolk University,10/22/2018,1000,LV,43,51,33,B+,0.60,3.3,43.30,50.70,-7.40
McLaughlin & Associates,10/22/2018,1000,LV,44,46,34,C-,-5.00,1.7,41.50,48.50,-7.00
Ipsos,10/22/2018,2112,LV,42.5,47.5,35,B+,0.60,3.3,42.80,47.20,-4.40
LA Times,10/20/2018,2284,LV,42,55,36,C,2.00,2,43.00,54.00,-11.00
